Workbook

Sheet Aug-Apr, 2023
G1: 2022 | AU1: 2023
B2: Cookstoves First Phase Delivery | G2: Aug | O2: September | W2: October | AE2: Nov | AM2: December | AU2: January | BC2: February | BK2: March | BS2: April | CA2: May | CI2: June | CQ2: July | CY2: Augast | DG2: september | DO2: October | DW2: novermber | EE2: December
B3: Member | C3: Coop name | D3: Number of people in the household | E3: Monthly household income | F3: Number of meals per person per day | G3: Firewood consumption foraged (kg/month) | H3: Firewood consumption bought(kg/month) | I3: Charcoal consumption (kg/month) | J3: Pellets consumption (Kg/month | K3: Cost of firewood in-kind (RWF/month) | L3: Cost of firewood spent (RWF/month) | M3: Cost of charcoal (RWF/month) | N3: Cost of Pellets (RWF/month) | O3: Firewood consumption foraged (kg/month) | P3: Firewood consumption bought(kg/month) | Q3: Charcoal consumption (kg/month) | R3: Pellets Consumption (Kg/month | S3: Cost of firewood in-kind (RWF/month) | T3: Cost of firewood spent (RWF/month) | U3: Cost of charcoal (RWF/month) | V3: Cost of Pellets (RWF/month) | W3: Firewood consumption foraged (kg/month) | X3: Firewood consumption bought(kg/month) | Y3: Charcoal consumption (kg/month) | Z3: Pellets consumption (Kg/month | AA3: Cost of firewood in-kind (RWF/month) | AB3: Cost of firewood spent (RWF/month) | AC3: Cost of charcoal (RWF/month) | AD3: Cost of Pellets (RWF/month) | AE3: Firewood consumption foraged (kg/month) | AF3: Firewood consumption bought(kg/month) | AG3: Charcoal consumption (kg/month) | AH3: Pellets consumption (Kg/month | AI3: Cost of firewood in-kind (RWF/month) | AJ3: Cost of firewood spent (RWF/month) | AK3: Cost of charcoal (RWF/month) | AL3: Cost of Pellets (RWF/month) | AM3: Firewood consumption foraged (kg/month) | AN3: Firewood consumption bought(kg/month) | AO3: Charcoal consumption (kg/month) | AP3: Pellets consumption (Kg/month | AQ3: Cost of firewood in-kind (RWF/month) | AR3: Cost of firewood spent (RWF/month) | AS3: Cost of charcoal (RWF/month) | AT3: Cost of Pellets (RWF/month) | AU3: Firewood consumption foraged (kg/month) | AV3: Firewood consumption bought(kg/month) | AW3: Charcoal consumption (kg/month) | AX3: Pellets consumption (Kg/month | AY3: Cost of firewood in-kind (RWF/month) | AZ3: Cost of firewood spent (RWF/month) | BA3: Cost of charcoal (RWF/month) | BB3: Cost of Pellets (RWF/month) | BC3: Firewood consumption foraged (kg/month) | BD3: Firewood consumption bought(kg/month) | BE3: Charcoal consumption (kg/month) | BF3: Pellets consumption (Kg/month | BG3: Cost of firewood in-kind (RWF/month) | BH3: Cost of firewood spent (RWF/month) | BI3: Cost of charcoal (RWF/month) | BJ3: Cost of Pellets (RWF/month) | BK3: Firewood consumption foraged (kg/month) | BL3: Firewood consumption bought(kg/month) | BM3: Charcoal consumption (kg/month) | BN3: Pellets consumption (Kg/month | BO3: Cost of firewood in-kind (RWF/month) | BP3: Cost of firewood spent (RWF/month) | BQ3: Cost of charcoal (RWF/month) | BR3: Cost of Pellets (RWF/month) | BS3: Firewood consumption foraged (kg/month) | BT3: Firewood consumption bought(kg/month) | BU3: Charcoal consumption (kg/month) | BV3: Pellets consumption (Kg/month | BW3: Cost of firewood in-kind (RWF/month) | BX3: Cost of firewood spent (RWF/month) | BY3: Cost of charcoal (RWF/month) | BZ3: Cost of Pellets (RWF/month) | CA3: Firewood consumption foraged (kg/month) | CB3: Firewood consumption bought(kg/month) | CC3: Charcoal consumption (kg/month) | CD3: Pellets consumption (Kg/month | CE3: Cost of firewood in-kind (RWF/month) | CF3: Cost of firewood spent (RWF/month) | CG3: Cost of charcoal (RWF/month) | CH3: Cost of Pellets (RWF/month) | CI3: Firewood consumption foraged (kg/month) | CJ3: Firewood consumption bought(kg/month) | CK3: Charcoal consumption (kg/month) | CL3: Pellets consumption (Kg/month | CM3: Cost of firewood in-kind (RWF/month) | CN3: Cost of firewood spent (RWF/month) | CO3: Cost of charcoal (RWF/month) | CP3: Cost of Pellets (RWF/month) | CQ3: Firewood consumption foraged (kg/month) | CR3: Firewood consumption bought(kg/month) | CS3: Charcoal consumption (kg/month) | CT3: Pellets consumption (Kg/month | CU3: Cost of firewood in-kind (RWF/month) | CV3: Cost of firewood spent (RWF/month) | CW3: Cost of charcoal (RWF/month) | CX3: Cost of Pellets (RWF/month) | CY3: Firewood consumption foraged (kg/month) | CZ3: Firewood consumption bought(kg/month) | DA3: Charcoal consumption (kg/month) | DB3: Pellets consumption (Kg/month | DC3: Cost of firewood in-kind (RWF/month) | DD3: Cost of firewood spent (RWF/month) | DE3: Cost of charcoal (RWF/month) | DF3: Cost of Pellets (RWF/month) | DG3: Firewood consumption foraged (kg/month) | DH3: Firewood consumption bought(kg/month) | DI3: Charcoal consumption (kg/month) | DJ3: Pellets consumption (Kg/month | DK3: Cost of firewood in-kind (RWF/month) | DL3: Cost of firewood spent (RWF/month) | DM3: Cost of charcoal (RWF/month) | DN3: Cost of Pellets (RWF/month) | DO3: Firewood consumption foraged (kg/month) | DP3: Firewood consumption bought(kg/month) | DQ3: Charcoal consumption (kg/month) | DR3: Pellets consumption (Kg/month | DS3: Cost of firewood in-kind (RWF/month) | DT3: Cost of firewood spent (RWF/month) | DU3: Cost of charcoal (RWF/month) | DV3: Cost of Pellets (RWF/month) | DW3: Firewood consumption foraged (kg/month) | DX3: Firewood consumption bought(kg/month) | DY3: Charcoal consumption (kg/month) | DZ3: Pellets consumption (Kg/month | EA3: Cost of firewood in-kind (RWF/month) | EB3: Cost of firewood spent (RWF/month) | EC3: Cost of charcoal (RWF/month) | ED3: Cost of Pellets (RWF/month) | EE3: Firewood consumption foraged (kg/month) | EF3: Firewood consumption bought(kg/month) | EG3: Charcoal consumption (kg/month) | EH3: Pellets consumption (Kg/month | EI3: Cost of firewood in-kind (RWF/month) | EJ3: Cost of firewood spent (RWF/month) | EK3: Cost of charcoal (RWF/month) | EL3: Cost of Pellets (RWF/month)
A4: 1 | B4: Agnes MUSABYEYEZU | G4: 47 | H4: 0 | I4: 0 | J4: 20 | K4: =G4*100 -> 4700 | L4: =H4*100 -> 0 | M4: =I4*300 -> 0 | N4: =J4*300 -> 6000 | O4: 48 | P4: 0 | Q4: 0 | R4: 18 | S4: =O4*100 -> 4800 | T4: =P4*100 -> 0 | U4: =Q4*300 -> 0 | V4: =R4*300 -> 5400 | W4: 50 | X4: 0 | Y4: 0 | Z4: 19 | AA4: =W4*100 -> 5000 | AB4: =X4*100 -> 0 | AC4: =Y4*300 -> 0 | AD4: =Z4*300 -> 5700 | AE4: 50 | AF4: 0 | AG4: 0 | AH4: 19 | AI4: =AE4*100 -> 5000 | AJ4: =AF4*100 -> 0 | AK4: =AG4*300 -> 0 | AL4: =AH4*300 -> 5700 | AM4: 52 | AN4: 0 | AO4: 0 | AP4: 20 | AQ4: =AM4*100 -> 5200 | AR4: =AN4*100 -> 0 | AS4: =AO4*300 -> 0 | AT4: =AP4*300 -> 6000 | AU4: 52 | AV4: 0 | AW4: 0 | AX4: 20 | AY4: =AU4*100 -> 5200 | AZ4: =AV4*100 -> 0 | BA4: =AW4*300 -> 0 | BB4: =AX4*300 -> 6000 | BC4: 52 | BD4: 0 | BE4: 0 | BF4: 20 | BG4: =BC4*100 -> 5200 | BH4: =BD4*100 -> 0 | BI4: =BE4*300 -> 0 | BJ4: =BF4*300 -> 6000 | BK4: 52 | BL4: 0 | BM4: 0 | BN4: 20 | BO4: =BK4*100 -> 5200 | BP4: =BL4*100 -> 0 | BQ4: =BM4*300 -> 0 | BR4: =BN4*300 -> 6000 | BS4: 55 | BT4: 0 | BU4: 0 | BV4: 20 | BW4: =BS4*100 -> 5500 | BX4: =BT4*100 -> 0 | BY4: =BU4*300 -> 0 | BZ4: =BV4*300 -> 6000
A5: 2 | B5: Alice MUKAMISHA | G5: 50 | H5: 0 | I5: 0 | J5: 5 | K5: =G5*100 -> 5000 | L5: =H5*100 -> 0 | M5: =I5*300 -> 0 | N5: =J5*300 -> 1500 | O5: 50 | P5: 0 | Q5: 0 | R5: 10 | S5: =O5*100 -> 5000 | T5: =P5*100 -> 0 | U5: =Q5*300 -> 0 | V5: =R5*300 -> 3000 | W5: 48 | X5: 0 | Y5: 0 | Z5: 11 | AA5: =W5*100 -> 4800 | AB5: =X5*100 -> 0 | AC5: =Y5*300 -> 0 | AD5: =Z5*300 -> 3300 | AE5: 50 | AF5: 0 | AG5: 0 | AH5: 12 | AI5: =AE5*100 -> 5000 | AJ5: =AF5*100 -> 0 | AK5: =AG5*300 -> 0 | AL5: =AH5*300 -> 3600 | AM5: 48 | AN5: 0 | AO5: 0 | AP5: 10 | AQ5: =AM5*100 -> 4800 | AR5: =AN5*100 -> 0 | AS5: =AO5*300 -> 0 | AT5: =AP5*300 -> 3000 | AU5: 48 | AV5: 0 | AW5: 0 | AX5: 12 | AY5: =AU5*100 -> 4800 | AZ5: =AV5*100 -> 0 | BA5: =AW5*300 -> 0 | BB5: =AX5*300 -> 3600 | BC5: 48 | BD5: 0 | BE5: 0 | BF5: 12 | BG5: =BC5*100 -> 4800 | BH5: =BD5*100 -> 0 | BI5: =BE5*300 -> 0 | BJ5: =BF5*300 -> 3600 | BK5: 48 | BL5: 0 | BM5: 0 | BN5: 12 | BO5: =BK5*100 -> 4800 | BP5: =BL5*100 -> 0 | BQ5: =BM5*300 -> 0 | BR5: =BN5*300 -> 3600 | BS5: 52 | BT5: 0 | BU5: 0 | BV5: 15 | BW5: =BS5*100 -> 5200 | BX5: =BT5*100 -> 0 | BY5: =BU5*300 -> 0 | BZ5: =BV5*300 -> 4500
A6: 3 | B6: Alphonsine MUKARUGINA | G6: 35 | H6: 0 | I6: 0 | J6: 20 | K6: =G6*100 -> 3500 | L6: =H6*100 -> 0 | M6: =I6*300 -> 0 | N6: =J6*300 -> 6000 | O6: 55 | P6: 0 | Q6: 0 | R6: 20 | S6: =O6*100 -> 5500 | T6: =P6*100 -> 0 | U6: =Q6*300 -> 0 | V6: =R6*300 -> 6000 | W6: 50 | X6: 0 | Y6: 0 | Z6: 18 | AA6: =W6*100 -> 5000 | AB6: =X6*100 -> 0 | AC6: =Y6*300 -> 0 | AD6: =Z6*300 -> 5400 | AE6: 48 | AF6: 0 | AG6: 0 | AH6: 11 | AI6: =AE6*100 -> 4800 | AJ6: =AF6*100 -> 0 | AK6: =AG6*300 -> 0 | AL6: =AH6*300 -> 3300 | AM6: 40 | AN6: 0 | AO6: 0 | AP6: 20 | AQ6: =AM6*100 -> 4000 | AR6: =AN6*100 -> 0 | AS6: =AO6*300 -> 0 | AT6: =AP6*300 -> 6000 | AU6: 42 | AV6: 0 | AW6: 0 | AX6: 20 | AY6: =AU6*100 -> 4200 | AZ6: =AV6*100 -> 0 | BA6: =AW6*300 -> 0 | BB6: =AX6*300 -> 6000 | BC6: 44 | BD6: 0 | BE6: 0 | BF6: 20 | BG6: =BC6*100 -> 4400 | BH6: =BD6*100 -> 0 | BI6: =BE6*300 -> 0 | BJ6: =BF6*300 -> 6000 | BK6: 44 | BL6: 0 | BM6: 0 | BN6: 20 | BO6: =BK6*100 -> 4400 | BP6: =BL6*100 -> 0 | BQ6: =BM6*300 -> 0 | BR6: =BN6*300 -> 6000 | BS6: 46 | BT6: 0 | BU6: 0 | BV6: 20 | BW6: =BS6*100 -> 4600 | BX6: =BT6*100 -> 0 | BY6: =BU6*300 -> 0 | BZ6: =BV6*300 -> 6000
A7: 4 | B7: Anathalia MUKANKUSI | G7: 42 | H7: 0 | I7: 0 | J7: 10 | K7: =G7*100 -> 4200 | L7: =H7*100 -> 0 | M7: =I7*300 -> 0 | N7: =J7*300 -> 3000 | O7: 40 | P7: 0 | Q7: 0 | R7: 10 | S7: =O7*100 -> 4000 | T7: =P7*100 -> 0 | U7: =Q7*300 -> 0 | V7: =R7*300 -> 3000 | W7: 45 | X7: 0 | Y7: 0 | Z7: 13 | AA7: =W7*100 -> 4500 | AB7: =X7*100 -> 0 | AC7: =Y7*300 -> 0 | AD7: =Z7*300 -> 3900 | AE7: 61 | AF7: 0 | AG7: 0 | AH7: 18 | AI7: =AE7*100 -> 6100 | AJ7: =AF7*100 -> 0 | AK7: =AG7*300 -> 0 | AL7: =AH7*300 -> 5400 | AM7: 61 | AN7: 0 | AO7: 0 | AP7: 8 | AQ7: =AM7*100 -> 6100 | AR7: =AN7*100 -> 0 | AS7: =AO7*300 -> 0 | AT7: =AP7*300 -> 2400 | AU7: 60 | AV7: 0 | AW7: 0 | AX7: 12 | AY7: =AU7*100 -> 6000 | AZ7: =AV7*100 -> 0 | BA7: =AW7*300 -> 0 | BB7: =AX7*300 -> 3600 | BC7: 61 | BD7: 0 | BE7: 0 | BF7: 16 | BG7: =BC7*100 -> 6100 | BH7: =BD7*100 -> 0 | BI7: =BE7*300 -> 0 | BJ7: =BF7*300 -> 4800 | BK7: 61 | BL7: 0 | BM7: 0 | BN7: 16 | BO7: =BK7*100 -> 6100 | BP7: =BL7*100 -> 0 | BQ7: =BM7*300 -> 0 | BR7: =BN7*300 -> 4800 | BS7: 58 | BT7: 0 | BU7: 0 | BV7: 18 | BW7: =BS7*100 -> 5800 | BX7: =BT7*100 -> 0 | BY7: =BU7*300 -> 0 | BZ7: =BV7*300 -> 5400
A8: 5 | B8: Angelique BYUKUSENGE | G8: 38 | H8: 0 | I8: 0 | J8: 16 | K8: =G8*100 -> 3800 | L8: =H8*100 -> 0 | M8: =I8*300 -> 0 | N8: =J8*300 -> 4800 | O8: 37 | P8: 0 | Q8: 0 | R8: 16 | S8: =O8*100 -> 3700 | T8: =P8*100 -> 0 | U8: =Q8*300 -> 0 | V8: =R8*300 -> 4800 | W8: 40 | X8: 0 | Y8: 0 | Z8: 20 | AA8: =W8*100 -> 4000 | AB8: =X8*100 -> 0 | AC8: =Y8*300 -> 0 | AD8: =Z8*300 -> 6000 | AE8: 41 | AF8: 0 | AG8: 0 | AH8: 20 | AI8: =AE8*100 -> 4100 | AJ8: =AF8*100 -> 0 | AK8: =AG8*300 -> 0 | AL8: =AH8*300 -> 6000 | AM8: 44 | AN8: 0 | AO8: 0 | AP8: 20 | AQ8: =AM8*100 -> 4400 | AR8: =AN8*100 -> 0 | AS8: =AO8*300 -> 0 | AT8: =AP8*300 -> 6000 | AU8: 43 | AV8: 0 | AW8: 0 | AX8: 20 | AY8: =AU8*100 -> 4300 | AZ8: =AV8*100 -> 0 | BA8: =AW8*300 -> 0 | BB8: =AX8*300 -> 6000 | BC8: 42 | BD8: 0 | BE8: 0 | BF8: 20 | BG8: =BC8*100 -> 4200 | BH8: =BD8*100 -> 0 | BI8: =BE8*300 -> 0 | BJ8: =BF8*300 -> 6000 | BK8: 42 | BL8: 0 | BM8: 0 | BN8: 20 | BO8: =BK8*100 -> 4200 | BP8: =BL8*100 -> 0 | BQ8: =BM8*300 -> 0 | BR8: =BN8*300 -> 6000 | BS8: 50 | BT8: 0 | BU8: 0 | BV8: 20 | BW8: =BS8*100 -> 5000 | BX8: =BT8*100 -> 0 | BY8: =BU8*300 -> 0 | BZ8: =BV8*300 -> 6000
A9: 6 | B9: Angelique MUHAWENIMANA | G9: 30 | H9: 0 | I9: 0 | J9: 20 | K9: =G9*100 -> 3000 | L9: =H9*100 -> 0 | M9: =I9*300 -> 0 | N9: =J9*300 -> 6000 | O9: 35 | P9: 0 | Q9: 0 | R9: 20 | S9: =O9*100 -> 3500 | T9: =P9*100 -> 0 | U9: =Q9*300 -> 0 | V9: =R9*300 -> 6000 | W9: 32 | X9: 0 | Y9: 0 | Z9: 16 | AA9: =W9*100 -> 3200 | AB9: =X9*100 -> 0 | AC9: =Y9*300 -> 0 | AD9: =Z9*300 -> 4800 | AE9: 33 | AF9: 0 | AG9: 0 | AH9: 18 | AI9: =AE9*100 -> 3300 | AJ9: =AF9*100 -> 0 | AK9: =AG9*300 -> 0 | AL9: =AH9*300 -> 5400 | AM9: 34 | AN9: 0 | AO9: 0 | AP9: 15 | AQ9: =AM9*100 -> 3400 | AR9: =AN9*100 -> 0 | AS9: =AO9*300 -> 0 | AT9: =AP9*300 -> 4500 | AU9: 36 | AV9: 0 | AW9: 0 | AX9: 15 | AY9: =AU9*100 -> 3600 | AZ9: =AV9*100 -> 0 | BA9: =AW9*300 -> 0 | BB9: =AX9*300 -> 4500 | BC9: 38 | BD9: 0 | BE9: 0 | BF9: 19 | BG9: =BC9*100 -> 3800 | BH9: =BD9*100 -> 0 | BI9: =BE9*300 -> 0 | BJ9: =BF9*300 -> 5700 | BK9: 40 | BL9: 0 | BM9: 0 | BN9: 19 | BO9: =BK9*100 -> 4000 | BP9: =BL9*100 -> 0 | BQ9: =BM9*300 -> 0 | BR9: =BN9*300 -> 5700 | BS9: 44 | BT9: 0 | BU9: 0 | BV9: 19 | BW9: =BS9*100 -> 4400 | BX9: =BT9*100 -> 0 | BY9: =BU9*300 -> 0 | BZ9: =BV9*300 -> 5700
A10: 7 | B10: Angelique MUKANDORI | G10: 50 | H10: 0 | I10: 0 | J10: 20 | K10: =G10*100 -> 5000 | L10: =H10*100 -> 0 | M10: =I10*300 -> 0 | N10: =J10*300 -> 6000 | O10: 45 | P10: 0 | Q10: 0 | R10: 18 | S10: =O10*100 -> 4500 | T10: =P10*100 -> 0 | U10: =Q10*300 -> 0 | V10: =R10*300 -> 5400 | W10: 50 | X10: 0 | Y10: 0 | Z10: 20 | AA10: =W10*100 -> 5000 | AB10: =X10*100 -> 0 | AC10: =Y10*300 -> 0 | AD10: =Z10*300 -> 6000 | AE10: 48 | AF10: 0 | AG10: 0 | AH10: 20 | AI10: =AE10*100 -> 4800 | AJ10: =AF10*100 -> 0 | AK10: =AG10*300 -> 0 | AL10: =AH10*300 -> 6000 | AM10: 52 | AN10: 0 | AO10: 0 | AP10: 20 | AQ10: =AM10*100 -> 5200 | AR10: =AN10*100 -> 0 | AS10: =AO10*300 -> 0 | AT10: =AP10*300 -> 6000 | AU10: 51 | AV10: 0 | AW10: 0 | AX10: 16 | AY10: =AU10*100 -> 5100 | AZ10: =AV10*100 -> 0 | BA10: =AW10*300 -> 0 | BB10: =AX10*300 -> 4800 | BC10: 50 | BD10: 0 | BE10: 0 | BF10: 16 | BG10: =BC10*100 -> 5000 | BH10: =BD10*100 -> 0 | BI10: =BE10*300 -> 0 | BJ10: =BF10*300 -> 4800 | BK10: 52 | BL10: 0 | BM10: 0 | BN10: 16 | BO10: =BK10*100 -> 5200 | BP10: =BL10*100 -> 0 | BQ10: =BM10*300 -> 0 | BR10: =BN10*300 -> 4800 | BS10: 52 | BT10: 0 | BU10: 0 | BV10: 16 | BW10: =BS10*100 -> 5200 | BX10: =BT10*100 -> 0 | BY10: =BU10*300 -> 0 | BZ10: =BV10*300 -> 4800
A11: 8 | B11: Angelique NYIRANEZA | G11: 50 | H11: 0 | I11: 0 | J11: 20 | K11: =G11*100 -> 5000 | L11: =H11*100 -> 0 | M11: =I11*300 -> 0 | N11: =J11*300 -> 6000 | O11: 42 | P11: 0 | Q11: 0 | R11: 20 | S11: =O11*100 -> 4200 | T11: =P11*100 -> 0 | U11: =Q11*300 -> 0 | V11: =R11*300 -> 6000 | W11: 44 | X11: 0 | Y11: 0 | Z11: 20 | AA11: =W11*100 -> 4400 | AB11: =X11*100 -> 0 | AC11: =Y11*300 -> 0 | AD11: =Z11*300 -> 6000 | AE11: 52 | AF11: 0 | AG11: 0 | AH11: 18 | AI11: =AE11*100 -> 5200 | AJ11: =AF11*100 -> 0 | AK11: =AG11*300 -> 0 | AL11: =AH11*300 -> 5400 | AM11: 50 | AN11: 0 | AO11: 0 | AP11: 15 | AQ11: =AM11*100 -> 5000 | AR11: =AN11*100 -> 0 | AS11: =AO11*300 -> 0 | AT11: =AP11*300 -> 4500 | AU11: 50 | AV11: 0 | AW11: 0 | AX11: 14 | AY11: =AU11*100 -> 5000 | AZ11: =AV11*100 -> 0 | BA11: =AW11*300 -> 0 | BB11: =AX11*300 -> 4200 | BC11: 54 | BD11: 0 | BE11: 0 | BF11: 18 | BG11: =BC11*100 -> 5400 | BH11: =BD11*100 -> 0 | BI11: =BE11*300 -> 0 | BJ11: =BF11*300 -> 5400 | BK11: 54 | BL11: 0 | BM11: 0 | BN11: 18 | BO11: =BK11*100 -> 5400 | BP11: =BL11*100 -> 0 | BQ11: =BM11*300 -> 0 | BR11: =BN11*300 -> 5400 | BS11: 54 | BT11: 0 | BU11: 0 | BV11: 18 | BW11: =BS11*100 -> 5400 | BX11: =BT11*100 -> 0 | BY11: =BU11*300 -> 0 | BZ11: =BV11*300 -> 5400
A12: 9 | B12: Anitha GATESI | G12: 42 | H12: 0 | I12: 0 | J12: 5 | K12: =G12*100 -> 4200 | L12: =H12*100 -> 0 | M12: =I12*300 -> 0 | N12: =J12*300 -> 1500 | O12: 55 | P12: 0 | Q12: 0 | R12: 10 | S12: =O12*100 -> 5500 | T12: =P12*100 -> 0 | U12: =Q12*300 -> 0 | V12: =R12*300 -> 3000 | W12: 52 | X12: 0 | Y12: 0 | Z12: 12 | AA12: =W12*100 -> 5200 | AB12: =X12*100 -> 0 | AC12: =Y12*300 -> 0 | AD12: =Z12*300 -> 3600 | AE12: 46 | AF12: 0 | AG12: 0 | AH12: 16 | AI12: =AE12*100 -> 4600 | AJ12: =AF12*100 -> 0 | AK12: =AG12*300 -> 0 | AL12: =AH12*300 -> 4800 | AM12: 44 | AN12: 0 | AO12: 0 | AP12: 12 | AQ12: =AM12*100 -> 4400 | AR12: =AN12*100 -> 0 | AS12: =AO12*300 -> 0 | AT12: =AP12*300 -> 3600 | AU12: 46 | AV12: 0 | AW12: 0 | AX12: 18 | AY12: =AU12*100 -> 4600 | AZ12: =AV12*100 -> 0 | BA12: =AW12*300 -> 0 | BB12: =AX12*300 -> 5400 | BC12: 48 | BD12: 0 | BE12: 0 | BF12: 20 | BG12: =BC12*100 -> 4800 | BH12: =BD12*100 -> 0 | BI12: =BE12*300 -> 0 | BJ12: =BF12*300 -> 6000 | BK12: 48 | BL12: 0 | BM12: 0 | BN12: 20 | BO12: =BK12*100 -> 4800 | BP12: =BL12*100 -> 0 | BQ12: =BM12*300 -> 0 | BR12: =BN12*300 -> 6000 | BS12: 48 | BT12: 0 | BU12: 0 | BV12: 20 | BW12: =BS12*100 -> 4800 | BX12: =BT12*100 -> 0 | BY12: =BU12*300 -> 0 | BZ12: =BV12*300 -> 6000
A13: 10 | B13: Athanasie MUKAGASHUGI | G13: 32 | H13: 0 | I13: 0 | J13: 15 | K13: =G13*100 -> 3200 | L13: =H13*100 -> 0 | M13: =I13*300 -> 0 | N13: =J13*300 -> 4500 | O13: 50 | P13: 0 | Q13: 0 | R13: 15 | S13: =O13*100 -> 5000 | T13: =P13*100 -> 0 | U13: =Q13*300 -> 0 | V13: =R13*300 -> 4500 | W13: 53 | X13: 0 | Y13: 0 | Z13: 16 | AA13: =W13*100 -> 5300 | AB13: =X13*100 -> 0 | AC13: =Y13*300 -> 0 | AD13: =Z13*300 -> 4800 | AE13: 56 | AF13: 0 | AG13: 0 | AH13: 15 | AI13: =AE13*100 -> 5600 | AJ13: =AF13*100 -> 0 | AK13: =AG13*300 -> 0 | AL13: =AH13*300 -> 4500 | AM13: 32 | AN13: 0 | AO13: 0 | AP13: 20 | AQ13: =AM13*100 -> 3200 | AR13: =AN13*100 -> 0 | AS13: =AO13*300 -> 0 | AT13: =AP13*300 -> 6000 | AU13: 32 | AV13: 0 | AW13: 0 | AX13: 20 | AY13: =AU13*100 -> 3200 | AZ13: =AV13*100 -> 0 | BA13: =AW13*300 -> 0 | BB13: =AX13*300 -> 6000 | BC13: 33 | BD13: 0 | BE13: 0 | BF13: 20 | BG13: =BC13*100 -> 3300 | BH13: =BD13*100 -> 0 | BI13: =BE13*300 -> 0 | BJ13: =BF13*300 -> 6000 | BK13: 38 | BL13: 0 | BM13: 0 | BN13: 20 | BO13: =BK13*100 -> 3800 | BP13: =BL13*100 -> 0 | BQ13: =BM13*300 -> 0 | BR13: =BN13*300 -> 6000 | BS13: 38 | BT13: 0 | BU13: 0 | BV13: 20 | BW13: =BS13*100 -> 3800 | BX13: =BT13*100 -> 0 | BY13: =BU13*300 -> 0 | BZ13: =BV13*300 -> 6000
A14: 11 | B14: Augustin NGIRABATWARE | G14: 50 | H14: 0 | I14: 0 | J14: 18 | K14: =G14*100 -> 5000 | L14: =H14*100 -> 0 | M14: =I14*300 -> 0 | N14: =J14*300 -> 5400 | O14: 38 | P14: 0 | Q14: 0 | R14: 18 | S14: =O14*100 -> 3800 | T14: =P14*100 -> 0 | U14: =Q14*300 -> 0 | V14: =R14*300 -> 5400 | W14: 34 | X14: 0 | Y14: 0 | Z14: 20 | AA14: =W14*100 -> 3400 | AB14: =X14*100 -> 0 | AC14: =Y14*300 -> 0 | AD14: =Z14*300 -> 6000 | AE14: 43 | AF14: 0 | AG14: 0 | AH14: 16 | AI14: =AE14*100 -> 4300 | AJ14: =AF14*100 -> 0 | AK14: =AG14*300 -> 0 | AL14: =AH14*300 -> 4800 | AM14: 50 | AN14: 0 | AO14: 0 | AP14: 20 | AQ14: =AM14*100 -> 5000 | AR14: =AN14*100 -> 0 | AS14: =AO14*300 -> 0 | AT14: =AP14*300 -> 6000 | AU14: 50 | AV14: 0 | AW14: 0 | AX14: 20 | AY14: =AU14*100 -> 5000 | AZ14: =AV14*100 -> 0 | BA14: =AW14*300 -> 0 | BB14: =AX14*300 -> 6000 | BC14: 50 | BD14: 0 | BE14: 0 | BF14: 18 | BG14: =BC14*100 -> 5000 | BH14: =BD14*100 -> 0 | BI14: =BE14*300 -> 0 | BJ14: =BF14*300 -> 5400 | BK14: 53 | BL14: 0 | BM14: 0 | BN14: 20 | BO14: =BK14*100 -> 5300 | BP14: =BL14*100 -> 0 | BQ14: =BM14*300 -> 0 | BR14: =BN14*300 -> 6000 | BS14: 53 | BT14: 0 | BU14: 0 | BV14: 20 | BW14: =BS14*100 -> 5300 | BX14: =BT14*100 -> 0 | BY14: =BU14*300 -> 0 | BZ14: =BV14*300 -> 6000
A15: 12 | B15: Beatrice MUHORAKEYE | G15: 10 | H15: 0 | I15: 0 | J15: 14 | K15: =G15*100 -> 1000 | L15: =H15*100 -> 0 | M15: =I15*300 -> 0 | N15: =J15*300 -> 4200 | O15: 25 | P15: 0 | Q15: 0 | R15: 15 | S15: =O15*100 -> 2500 | T15: =P15*100 -> 0 | U15: =Q15*300 -> 0 | V15: =R15*300 -> 4500 | W15: 28 | X15: 0 | Y15: 0 | Z15: 12 | AA15: =W15*100 -> 2800 | AB15: =X15*100 -> 0 | AC15: =Y15*300 -> 0 | AD15: =Z15*300 -> 3600 | AE15: 30 | AF15: 0 | AG15: 0 | AH15: 14 | AI15: =AE15*100 -> 3000 | AJ15: =AF15*100 -> 0 | AK15: =AG15*300 -> 0 | AL15: =AH15*300 -> 4200 | AM15: 31 | AN15: 0 | AO15: 0 | AP15: 10 | AQ15: =AM15*100 -> 3100 | AR15: =AN15*100 -> 0 | AS15: =AO15*300 -> 0 | AT15: =AP15*300 -> 3000 | AU15: 43 | AV15: 0 | AW15: 0 | AX15: 12 | AY15: =AU15*100 -> 4300 | AZ15: =AV15*100 -> 0 | BA15: =AW15*300 -> 0 | BB15: =AX15*300 -> 3600 | BC15: 45 | BD15: 0 | BE15: 0 | BF15: 12 | BG15: =BC15*100 -> 4500 | BH15: =BD15*100 -> 0 | BI15: =BE15*300 -> 0 | BJ15: =BF15*300 -> 3600 | BK15: 48 | BL15: 0 | BM15: 0 | BN15: 20 | BO15: =BK15*100 -> 4800 | BP15: =BL15*100 -> 0 | BQ15: =BM15*300 -> 0 | BR15: =BN15*300 -> 6000 | BS15: 53 | BT15: 0 | BU15: 0 | BV15: 20 | BW15: =BS15*100 -> 5300 | BX15: =BT15*100 -> 0 | BY15: =BU15*300 -> 0 | BZ15: =BV15*300 -> 6000
... A84: 81 | B84: Seraphine MUKAMANA | G84: 36 | H84: 0 | I84: 0 | J84: 0 | K84: =G84*100 -> 3600 | L84: =H84*100 -> 0 | M84: =I84*300 -> 0 | N84: =J84*300 -> 0 | O84: 34 | P84: 0 | Q84: 0 | R84: 0 | S84: =O84*100 -> 3400 | T84: =P84*100 -> 0 | U84: =Q84*300 -> 0 | V84: =R84*300 -> 0 | W84: 32 | X84: 0 | Y84: 0 | Z84: 0 | AA84: =W84*100 -> 3200 | AB84: =X84*100 -> 0 | AC84: =Y84*300 -> 0 | AD84: =Z84*300 -> 0 | AE84: 45 | AF84: 0 | AG84: 0 | AH84: 0 | AI84: =AE84*100 -> 4500 | AJ84: =AF84*100 -> 0 | AK84: =AG84*300 -> 0 | AL84: =AH84*300 -> 0 | AM84: 55 | AN84: 0 | AO84: 0 | AP84: 16 | AQ84: =AM84*100 -> 5500 | AR84: =AN84*100 -> 0 | AS84: =AO84*300 -> 0 | AT84: =AP84*300 -> 4800 | AU84: 50 | AV84: 0 | AW84: 0 | AX84: 10 | AY84: =AU84*100 -> 5000 | AZ84: =AV84*100 -> 0 | BA84: =AW84*300 -> 0 | BB84: =AX84*300 -> 3000 | BC84: 50 | BD84: 0 | BE84: 0 | BF84: 10 | BG84: =BC84*100 -> 5000 | BH84: =BD84*100 -> 0 | BI84: =BE84*300 -> 0 | BJ84: =BF84*300 -> 3000 | BK84: 50 | BL84: 0 | BM84: 0 | BN84: 12 | BO84: =BK84*100 -> 5000 | BP84: =BL84*100 -> 0 | BQ84: =BM84*300 -> 0 | BR84: =BN84*300 -> 3600 | BS84: 50 | BT84: 0 | BU84: 0 | BV84: 12 | BW84: =BS84*100 -> 5000 | BX84: =BT84*100 -> 0 | BY84: =BU84*300 -> 0 | BZ84: =BV84*300 -> 3600
A85: 82 | B85: Shemsa UWAMURERA | G85: 38 | H85: 0 | I85: 0 | J85: 10 | K85: =G85*100 -> 3800 | L85: =H85*100 -> 0 | M85: =I85*300 -> 0 | N85: =J85*300 -> 3000 | O85: 40 | P85: 0 | Q85: 0 | R85: 8 | S85: =O85*100 -> 4000 | T85: =P85*100 -> 0 | U85: =Q85*300 -> 0 | V85: =R85*300 -> 2400 | W85: 43 | X85: 0 | Y85: 0 | Z85: 18 | AA85: =W85*100 -> 4300 | AB85: 0 | AC85: =Y85*300 -> 0 | AD85: =Z85*300 -> 5400 | AE85: 43 | AF85: 0 | AG85: 0 | AH85: 16 | AI85: =AE85*100 -> 4300 | AJ85: 0 | AK85: =AG85*300 -> 0 | AL85: =AH85*300 -> 4800 | AM85: 50 | AN85: 0 | AO85: 0 | AP85: 12 | AQ85: =AM85*100 -> 5000 | AR85: =AN85*100 -> 0 | AS85: =AO85*300 -> 0 | AT85: =AP85*300 -> 3600 | AU85: 52 | AV85: 0 | AW85: 0 | AX85: 13 | AY85: =AU85*100 -> 5200 | AZ85: =AV85*100 -> 0 | BA85: =AW85*300 -> 0 | BB85: =AX85*300 -> 3900 | BC85: 52 | BD85: 0 | BE85: 0 | BF85: 13 | BG85: =BC85*100 -> 5200 | BH85: =BD85*100 -> 0 | BI85: =BE85*300 -> 0 | BJ85: =BF85*300 -> 3900 | BK85: 52 | BL85: 0 | BM85: 0 | BN85: 13 | BO85: =BK85*100 -> 5200 | BP85: =BL85*100 -> 0 | BQ85: =BM85*300 -> 0 | BR85: =BN85*300 -> 3900 | BS85: 52 | BT85: 0 | BU85: 0 | BV85: 13 | BW85: =BS85*100 -> 5200 | BX85: =BT85*100 -> 0 | BY85: =BU85*300 -> 0 | BZ85: =BV85*300 -> 3900
A86: 83 | B86: Slyvine MUSABYIMANA | G86: 30 | H86: 0 | I86: 0 | J86: 8 | K86: =G86*100 -> 3000 | L86: =H86*100 -> 0 | M86: =I86*300 -> 0 | N86: =J86*300 -> 2400 | O86: 32 | P86: 0 | Q86: 0 | R86: 10 | S86: =O86*100 -> 3200 | T86: =P86*100 -> 0 | U86: =Q86*300 -> 0 | V86: =R86*300 -> 3000 | W86: 36 | X86: 0 | Y86: 0 | Z86: 6 | AA86: =W86*100 -> 3600 | AB86: =X86*100 -> 0 | AC86: =Y86*300 -> 0 | AD86: =Z86*300 -> 1800 | AE86: 40 | AF86: 0 | AG86: 0 | AH86: 0 | AI86: =AE86*100 -> 4000 | AJ86: =AF86*100 -> 0 | AK86: =AG86*300 -> 0 | AL86: =AH86*300 -> 0 | AM86: 45 | AN86: 0 | AO86: 0 | AP86: 14 | AQ86: =AM86*100 -> 4500 | AR86: =AN86*100 -> 0 | AS86: =AO86*300 -> 0 | AT86: =AP86*300 -> 4200 | AU86: 45 | AV86: 0 | AW86: 0 | AX86: 20 | AY86: =AU86*100 -> 4500 | AZ86: =AV86*100 -> 0 | BA86: =AW86*300 -> 0 | BB86: =AX86*300 -> 6000 | BC86: 45 | BD86: 0 | BE86: 0 | BF86: 20 | BG86: =BC86*100 -> 4500 | BH86: =BD86*100 -> 0 | BI86: =BE86*300 -> 0 | BJ86: =BF86*300 -> 6000 | BK86: 45 | BL86: 0 | BM86: 0 | BN86: 20 | BO86: =BK86*100 -> 4500 | BP86: =BL86*100 -> 0 | BQ86: =BM86*300 -> 0 | BR86: =BN86*300 -> 6000 | BS86: 45 | BT86: 0 | BU86: 0 | BV86: 20 | BW86: =BS86*100 -> 4500 | BX86: =BT86*100 -> 0 | BY86: =BU86*300 -> 0 | BZ86: =BV86*300 -> 6000
A87: 84 | B87: Solange KAYIRAME | G87: 30 | H87: 0 | I87: 0 | J87: 5 | K87: =G87*100 -> 3000 | L87: =H87*100 -> 0 | M87: =I87*300 -> 0 | N87: =J87*300 -> 1500 | O87: 30 | P87: 0 | Q87: 0 | R87: 11 | S87: =O87*100 -> 3000 | T87: =P87*100 -> 0 | U87: =Q87*300 -> 0 | V87: =R87*300 -> 3300 | W87: 32 | X87: 0 | Y87: 0 | Z87: 11 | AA87: =W87*100 -> 3200 | AB87: =X87*100 -> 0 | AC87: =Y87*300 -> 0 | AD87: =Z87*300 -> 3300 | AE87: 44 | AF87: 0 | AG87: 0 | AH87: 12 | AI87: =AE87*100 -> 4400 | AJ87: =AF87*100 -> 0 | AK87: =AG87*300 -> 0 | AL87: =AH87*300 -> 3600 | AM87: 50 | AN87: 0 | AO87: 0 | AP87: 16 | AQ87: =AM87*100 -> 5000 | AR87: =AN87*100 -> 0 | AS87: =AO87*300 -> 0 | AT87: =AP87*300 -> 4800 | AU87: 48 | AV87: 0 | AW87: 0 | AX87: 16 | AY87: =AU87*100 -> 4800 | AZ87: =AV87*100 -> 0 | BA87: =AW87*300 -> 0 | BB87: =AX87*300 -> 4800 | BC87: 48 | BD87: 0 | BE87: 0 | BF87: 16 | BG87: =BC87*100 -> 4800 | BH87: =BD87*100 -> 0 | BI87: =BE87*300 -> 0 | BJ87: =BF87*300 -> 4800 | BK87: 48 | BL87: 0 | BM87: 0 | BN87: 16 | BO87: =BK87*100 -> 4800 | BP87: =BL87*100 -> 0 | BQ87: =BM87*300 -> 0 | BR87: =BN87*300 -> 4800 | BS87: 52 | BT87: 0 | BU87: 0 | BV87: 16 | BW87: =BS87*100 -> 5200 | BX87: =BT87*100 -> 0 | BY87: =BU87*300 -> 0 | BZ87: =BV87*300 -> 4800
A88: 85 | B88: Stephanie MUKAKAKARISA | G88: 29 | H88: 0 | I88: 0 | J88: 10 | K88: =G88*100 -> 2900 | L88: =H88*100 -> 0 | M88: =I88*300 -> 0 | N88: =J88*300 -> 3000 | O88: 32 | P88: 0 | Q88: 0 | R88: 12 | S88: =O88*100 -> 3200 | T88: =P88*100 -> 0 | U88: =Q88*300 -> 0 | V88: =R88*300 -> 3600 | W88: 34 | X88: 0 | Y88: 0 | Z88: 12 | AA88: =W88*100 -> 3400 | AB88: =X88*100 -> 0 | AC88: =Y88*300 -> 0 | AD88: =Z88*300 -> 3600 | AE88: 34 | AF88: 0 | AG88: 0 | AH88: 16 | AI88: =AE88*100 -> 3400 | AJ88: =AF88*100 -> 0 | AK88: =AG88*300 -> 0 | AL88: =AH88*300 -> 4800 | AM88: 45 | AN88: 0 | AO88: 0 | AP88: 20 | AQ88: =AM88*100 -> 4500 | AR88: =AN88*100 -> 0 | AS88: =AO88*300 -> 0 | AT88: =AP88*300 -> 6000 | AU88: 45 | AV88: 0 | AW88: 0 | AX88: 17 | AY88: =AU88*100 -> 4500 | AZ88: =AV88*100 -> 0 | BA88: =AW88*300 -> 0 | BB88: =AX88*300 -> 5100 | BC88: 45 | BD88: 0 | BE88: 0 | BF88: 17 | BG88: =BC88*100 -> 4500 | BH88: =BD88*100 -> 0 | BI88: =BE88*300 -> 0 | BJ88: =BF88*300 -> 5100 | BK88: 52 | BL88: 0 | BM88: 0 | BN88: 11 | BO88: =BK88*100 -> 5200 | BP88: =BL88*100 -> 0 | BQ88: =BM88*300 -> 0 | BR88: =BN88*300 -> 3300 | BS88: 52 | BT88: 0 | BU88: 0 | BV88: 11 | BW88: =BS88*100 -> 5200 | BX88: =BT88*100 -> 0 | BY88: =BU88*300 -> 0 | BZ88: =BV88*300 -> 3300
A89: 86 | B89: Sylidio MUNYEMANA | G89: 0 | H89: 30 | I89: 0 | J89: 6 | K89: =G89*100 -> 0 | L89: =H89*100 -> 3000 | M89: =I89*300 -> 0 | N89: =J89*300 -> 1800 | O89: 30 | P89: 30 | Q89: 0 | R89: 12 | S89: =O89*100 -> 3000 | T89: =P89*100 -> 3000 | U89: =Q89*300 -> 0 | V89: =R89*300 -> 3600 | W89: 38 | X89: 30 | Y89: 0 | Z89: 12 | AA89: =W89*100 -> 3800 | AB89: =X89*100 -> 3000 | AC89: =Y89*300 -> 0 | AD89: =Z89*300 -> 3600 | AE89: 38 | AF89: 30 | AG89: 0 | AH89: 12 | AI89: =AE89*100 -> 3800 | AJ89: =AF89*100 -> 3000 | AK89: =AG89*300 -> 0 | AL89: =AH89*300 -> 3600 | AM89: 0 | AN89: 32 | AO89: 0 | AP89: 16 | AQ89: =AM89*100 -> 0 | AR89: =AN89*100 -> 3200 | AS89: =AO89*300 -> 0 | AT89: =AP89*300 -> 4800 | AU89: 0 | AV89: 36 | AW89: 0 | AX89: 20 | AY89: =AU89*100 -> 0 | AZ89: =AV89*100 -> 3600 | BA89: =AW89*300 -> 0 | BB89: =AX89*300 -> 6000 | BC89: 0 | BD89: 38 | BE89: 0 | BF89: 20 | BG89: =BC89*100 -> 0 | BH89: =BD89*100 -> 3800 | BI89: =BE89*300 -> 0 | BJ89: =BF89*300 -> 6000 | BK89: 0 | BL89: 48 | BM89: 0 | BN89: 20 | BO89: =BK89*100 -> 0 | BP89: =BL89*100 -> 4800 | BQ89: =BM89*300 -> 0 | BR89: =BN89*300 -> 6000 | BS89: 0 | BT89: 50 | BU89: 0 | BV89: 20 | BW89: =BS89*100 -> 0 | BX89: =BT89*100 -> 5000 | BY89: =BU89*300 -> 0 | BZ89: =BV89*300 -> 6000
A90: 87 | B90: Sylivie MUTESI | G90: 30 | H90: 0 | I90: 0 | J90: 8 | K90: =G90*100 -> 3000 | L90: =H90*100 -> 0 | M90: =I90*300 -> 0 | N90: =J90*300 -> 2400 | O90: 35 | P90: 0 | Q90: 0 | R90: 4 | S90: =O90*100 -> 3500 | T90: =P90*100 -> 0 | U90: =Q90*300 -> 0 | V90: =R90*300 -> 1200 | W90: 35 | X90: 0 | Y90: 0 | Z90: 8 | AA90: =W90*100 -> 3500 | AB90: =X90*100 -> 0 | AC90: =Y90*300 -> 0 | AD90: =Z90*300 -> 2400 | AE90: 35 | AF90: 0 | AG90: 0 | AH90: 8 | AI90: =AE90*100 -> 3500 | AJ90: =AF90*100 -> 0 | AK90: =AG90*300 -> 0 | AL90: =AH90*300 -> 2400 | AM90: 44 | AN90: 0 | AO90: 0 | AP90: 20 | AQ90: =AM90*100 -> 4400 | AR90: =AN90*100 -> 0 | AS90: =AO90*300 -> 0 | AT90: =AP90*300 -> 6000 | AU90: 46 | AV90: 0 | AW90: 0 | AX90: 18 | AY90: =AU90*100 -> 4600 | AZ90: =AV90*100 -> 0 | BA90: =AW90*300 -> 0 | BB90: =AX90*300 -> 5400 | BC90: 46 | BD90: 0 | BE90: 0 | BF90: 18 | BG90: =BC90*100 -> 4600 | BH90: =BD90*100 -> 0 | BI90: =BE90*300 -> 0 | BJ90: =BF90*300 -> 5400 | BK90: 48 | BL90: 0 | BM90: 0 | BN90: 18 | BO90: =BK90*100 -> 4800 | BP90: =BL90*100 -> 0 | BQ90: =BM90*300 -> 0 | BR90: =BN90*300 -> 5400 | BS90: 48 | BT90: 0 | BU90: 0 | BV90: 18 | BW90: =BS90*100 -> 4800 | BX90: =BT90*100 -> 0 | BY90: =BU90*300 -> 0 | BZ90: =BV90*300 -> 5400
A91: 88 | B91: Theogene BAHIGI | G91: 35 | H91: 0 | I91: 0 | J91: 15 | K91: =G91*100 -> 3500 | L91: =H91*100 -> 0 | M91: =I91*300 -> 0 | N91: =J91*300 -> 4500 | O91: 30 | P91: 0 | Q91: 0 | R91: 12 | S91: =O91*100 -> 3000 | T91: =P91*100 -> 0 | U91: =Q91*300 -> 0 | V91: =R91*300 -> 3600 | W91: 28 | X91: 0 | Y91: 0 | Z91: 12 | AA91: =W91*100 -> 2800 | AB91: =X91*100 -> 0 | AC91: =Y91*300 -> 0 | AD91: =Z91*300 -> 3600 | AE91: 30 | AF91: 0 | AG91: 0 | AH91: 20 | AI91: =AE91*100 -> 3000 | AJ91: =AF91*100 -> 0 | AK91: =AG91*300 -> 0 | AL91: =AH91*300 -> 6000 | AM91: 55 | AN91: 0 | AO91: 0 | AP91: 15 | AQ91: =AM91*100 -> 5500 | AR91: =AN91*100 -> 0 | AS91: =AO91*300 -> 0 | AT91: =AP91*300 -> 4500 | AU91: 55 | AV91: 0 | AW91: 0 | AX91: 12 | AY91: =AU91*100 -> 5500 | AZ91: =AV91*100 -> 0 | BA91: =AW91*300 -> 0 | BB91: =AX91*300 -> 3600 | BC91: 55 | BD91: 0 | BE91: 0 | BF91: 8 | BG91: =BC91*100 -> 5500 | BH91: =BD91*100 -> 0 | BI91: =BE91*300 -> 0 | BJ91: =BF91*300 -> 2400 | BK91: 55 | BL91: 0 | BM91: 0 | BN91: 8 | BO91: =BK91*100 -> 5500 | BP91: =BL91*100 -> 0 | BQ91: =BM91*300 -> 0 | BR91: =BN91*300 -> 2400 | BS91: 55 | BT91: 0 | BU91: 0 | BV91: 20 | BW91: =BS91*100 -> 5500 | BX91: =BT91*100 -> 0 | BY91: =BU91*300 -> 0 | BZ91: =BV91*300 -> 6000
A92: 89 | B92: Theogene NSHIMIYIMANA | G92: 37 | H92: 0 | I92: 0 | J92: 18 | K92: =G92*100 -> 3700 | L92: =H92*100 -> 0 | M92: =I92*300 -> 0 | N92: =J92*300 -> 5400 | O92: 32 | P92: 0 | Q92: 0 | R92: 15 | S92: =O92*100 -> 3200 | T92: =P92*100 -> 0 | U92: =Q92*300 -> 0 | V92: =R92*300 -> 4500 | W92: 32 | X92: 0 | Y92: 0 | Z92: 15 | AA92: =W92*100 -> 3200 | AB92: =X92*100 -> 0 | AC92: =Y92*300 -> 0 | AD92: =Z92*300 -> 4500 | AE92: 36 | AF92: 0 | AG92: 0 | AH92: 16 | AI92: =AE92*100 -> 3600 | AJ92: =AF92*100 -> 0 | AK92: =AG92*300 -> 0 | AL92: =AH92*300 -> 4800 | AM92: 48 | AN92: 0 | AO92: 0 | AP92: 18 | AQ92: =AM92*100 -> 4800 | AR92: =AN92*100 -> 0 | AS92: =AO92*300 -> 0 | AT92: =AP92*300 -> 5400 | AU92: 48 | AV92: 0 | AW92: 0 | AX92: 18 | AY92: =AU92*100 -> 4800 | AZ92: =AV92*100 -> 0 | BA92: =AW92*300 -> 0 | BB92: =AX92*300 -> 5400 | BC92: 50 | BD92: 0 | BE92: 0 | BF92: 18 | BG92: =BC92*100 -> 5000 | BH92: =BD92*100 -> 0 | BI92: =BE92*300 -> 0 | BJ92: =BF92*300 -> 5400 | BK92: 51 | BL92: 0 | BM92: 0 | BN92: 18 | BO92: =BK92*100 -> 5100 | BP92: =BL92*100 -> 0 | BQ92: =BM92*300 -> 0 | BR92: =BN92*300 -> 5400 | BS92: 53 | BT92: 0 | BU92: 0 | BV92: 18 | BW92: =BS92*100 -> 5300 | BX92: =BT92*100 -> 0 | BY92: =BU92*300 -> 0 | BZ92: =BV92*300 -> 5400
A93: 90 | B93: Theopista NABAKOBWA | G93: 22 | H93: 0 | I93: 0 | J93: 0 | K93: =G93*100 -> 2200 | L93: =H93*100 -> 0 | M93: =I93*300 -> 0 | N93: =J93*300 -> 0 | O93: 29 | P93: 0 | Q93: 0 | R93: 0 | S93: =O93*100 -> 2900 | T93: =P93*100 -> 0 | U93: =Q93*300 -> 0 | V93: =R93*300 -> 0 | W93: 50 | X93: 0 | Y93: 0 | Z93: 0 | AA93: =W93*100 -> 5000 | AB93: =X93*100 -> 0 | AC93: =Y93*300 -> 0 | AD93: =Z93*300 -> 0 | AE93: 55 | AF93: 0 | AG93: 0 | AH93: 6 | AI93: =AE93*100 -> 5500 | AJ93: =AF93*100 -> 0 | AK93: =AG93*300 -> 0 | AL93: =AH93*300 -> 1800 | AM93: 33 | AN93: 0 | AO93: 0 | AP93: 10 | AQ93: =AM93*100 -> 3300 | AR93: =AN93*100 -> 0 | AS93: =AO93*300 -> 0 | AT93: =AP93*300 -> 3000 | AU93: 36 | AV93: 0 | AW93: 0 | AX93: 12 | AY93: =AU93*100 -> 3600 | AZ93: =AV93*100 -> 0 | BA93: =AW93*300 -> 0 | BB93: =AX93*300 -> 3600 | BC93: 36 | BD93: 0 | BE93: 0 | BF93: 12 | BG93: =BC93*100 -> 3600 | BH93: =BD93*100 -> 0 | BI93: =BE93*300 -> 0 | BJ93: =BF93*300 -> 3600 | BK93: 35 | BL93: 0 | BM93: 0 | BN93: 12 | BO93: =BK93*100 -> 3500 | BP93: =BL93*100 -> 0 | BQ93: =BM93*300 -> 0 | BR93: =BN93*300 -> 3600 | BS93: 38 | BT93: 0 | BU93: 0 | BV93: 12 | BW93: =BS93*100 -> 3800 | BX93: =BT93*100 -> 0 | BY93: =BU93*300 -> 0 | BZ93: =BV93*300 -> 3600
A94: 91 | B94: Valerie MUKAGAKWANDI | G94: 25 | H94: 0 | I94: 0 | J94: 8 | K94: =G94*100 -> 2500 | L94: =H94*100 -> 0 | M94: =I94*300 -> 0 | N94: =J94*300 -> 2400 | O94: 28 | P94: 0 | Q94: 0 | R94: 6 | S94: =O94*100 -> 2800 | T94: =P94*100 -> 0 | U94: =Q94*300 -> 0 | V94: =R94*300 -> 1800 | W94: 32 | X94: 0 | Y94: 0 | Z94: 6 | AA94: =W94*100 -> 3200 | AB94: =X94*100 -> 0 | AC94: =Y94*300 -> 0 | AD94: =Z94*300 -> 1800 | AE94: 36 | AF94: 0 | AG94: 0 | AH94: 8 | AI94: =AE94*100 -> 3600 | AJ94: =AF94*100 -> 0 | AK94: =AG94*300 -> 0 | AL94: =AH94*300 -> 2400 | AM94: 25 | AN94: 0 | AO94: 0 | AP94: 10 | AQ94: =AM94*100 -> 2500 | AR94: =AN94*100 -> 0 | AS94: =AO94*300 -> 0 | AT94: =AP94*300 -> 3000 | AU94: 28 | AV94: 0 | AW94: 0 | AX94: 6 | AY94: =AU94*100 -> 2800 | AZ94: =AV94*100 -> 0 | BA94: =AW94*300 -> 0 | BB94: =AX94*300 -> 1800 | BC94: 60 | BD94: 0 | BE94: 0 | BF94: 6 | BG94: =BC94*100 -> 6000 | BH94: =BD94*100 -> 0 | BI94: =BE94*300 -> 0 | BJ94: =BF94*300 -> 1800 | BK94: 58 | BL94: 0 | BM94: 0 | BN94: 6 | BO94: =BK94*100 -> 5800 | BP94: =BL94*100 -> 0 | BQ94: =BM94*300 -> 0 | BR94: =BN94*300 -> 1800 | BS94: 58 | BT94: 0 | BU94: 0 | BV94: 6 | BW94: =BS94*100 -> 5800 | BX94: =BT94*100 -> 0 | BY94: =BU94*300 -> 0 | BZ94: =BV94*300 -> 1800
A95: 92 | B95: Venantia MUKANYIRIGIRA | G95: 35 | H95: 0 | I95: 0 | J95: 6 | K95: =G95*100 -> 3500 | L95: =H95*100 -> 0 | M95: =I95*300 -> 0 | N95: =J95*300 -> 1800 | O95: 32 | P95: 0 | Q95: 0 | R95: 7 | S95: =O95*100 -> 3200 | T95: =P95*100 -> 0 | U95: =Q95*300 -> 0 | V95: =R95*300 -> 2100 | W95: 30 | X95: 0 | Y95: 0 | Z95: 7 | AA95: =W95*100 -> 3000 | AB95: =X95*100 -> 0 | AC95: =Y95*300 -> 0 | AD95: =Z95*300 -> 2100 | AE95: 32 | AF95: 0 | AG95: 0 | AH95: 7 | AI95: =AE95*100 -> 3200 | AJ95: =AF95*100 -> 0 | AK95: =AG95*300 -> 0 | AL95: =AH95*300 -> 2100 | AM95: 34 | AN95: 0 | AO95: 0 | AP95: 8 | AQ95: =AM95*100 -> 3400 | AR95: =AN95*100 -> 0 | AS95: =AO95*300 -> 0 | AT95: =AP95*300 -> 2400 | AU95: 32 | AV95: 0 | AW95: 0 | AX95: 14 | AY95: =AU95*100 -> 3200 | AZ95: =AV95*100 -> 0 | BA95: =AW95*300 -> 0 | BB95: =AX95*300 -> 4200 | BC95: 32 | BD95: 0 | BE95: 0 | BF95: 12 | BG95: =BC95*100 -> 3200 | BH95: =BD95*100 -> 0 | BI95: =BE95*300 -> 0 | BJ95: =BF95*300 -> 3600 | BK95: 36 | BL95: 0 | BM95: 0 | BN95: 12 | BO95: =BK95*100 -> 3600 | BP95: =BL95*100 -> 0 | BQ95: =BM95*300 -> 0 | BR95: =BN95*300 -> 3600 | BS95: 60 | BT95: 0 | BU95: 0 | BV95: 12 | BW95: =BS95*100 -> 6000 | BX95: =BT95*100 -> 0 | BY95: =BU95*300 -> 0 | BZ95: =BV95*300 -> 3600
A96: 93 | B96: Verena MUKAKAYONDE | G96: 0 | H96: 35 | I96: 0 | J96: 15 | K96: =G96*100 -> 0 | L96: =H96*100 -> 3500 | M96: =I96*300 -> 0 | N96: =J96*300 -> 4500 | O96: 0 | P96: 40 | Q96: 0 | R96: 13 | S96: =O96*100 -> 0 | T96: =P96*100 -> 4000 | U96: =Q96*300 -> 0 | V96: =R96*300 -> 3900 | W96: 0 | X96: 42 | Y96: 0 | Z96: 15 | AA96: =W96*100 -> 0 | AB96: =X96*100 -> 4200 | AC96: =Y96*300 -> 0 | AD96: =Z96*300 -> 4500 | AE96: 0 | AF96: 42 | AG96: 0 | AH96: 16 | AI96: =AE96*100 -> 0 | AJ96: =AF96*100 -> 4200 | AK96: =AG96*300 -> 0 | AL96: =AH96*300 -> 4800 | AM96: 0 | AN96: 40 | AO96: 0 | AP96: 15 | AQ96: =AM96*100 -> 0 | AR96: =AN96*100 -> 4000 | AS96: =AO96*300 -> 0 | AT96: =AP96*300 -> 4500 | AU96: 0 | AV96: 40 | AW96: 0 | AX96: 9 | AY96: =AU96*100 -> 0 | AZ96: =AV96*100 -> 4000 | BA96: =AW96*300 -> 0 | BB96: =AX96*300 -> 2700 | BC96: 0 | BD96: 42 | BE96: 0 | BF96: 9 | BG96: =BC96*100 -> 0 | BH96: =BD96*100 -> 4200 | BI96: =BE96*300 -> 0 | BJ96: =BF96*300 -> 2700 | BK96: 0 | BL96: 40 | BM96: 0 | BN96: 9 | BO96: =BK96*100 -> 0 | BP96: =BL96*100 -> 4000 | BQ96: =BM96*300 -> 0 | BR96: =BN96*300 -> 2700 | BS96: 0 | BT96: 52 | BU96: 0 | BV96: 20 | BW96: =BS96*100 -> 0 | BX96: =BT96*100 -> 5200 | BY96: =BU96*300 -> 0 | BZ96: =BV96*300 -> 6000
A97: 94 | B97: Vestine KAMBARANGWE | G97: 35 | H97: 0 | I97: 0 | J97: 0 | K97: =G97*100 -> 3500 | L97: =H97*100 -> 0 | M97: =I97*300 -> 0 | N97: =J97*300 -> 0 | O97: 30 | P97: 0 | Q97: 0 | R97: 0 | S97: =O97*100 -> 3000 | T97: =P97*100 -> 0 | U97: =Q97*300 -> 0 | V97: =R97*300 -> 0 | W97: 50 | X97: 0 | Y97: 0 | Z97: 0 | AA97: =W97*100 -> 5000 | AB97: =X97*100 -> 0 | AC97: =Y97*300 -> 0 | AD97: =Z97*300 -> 0 | AE97: 50 | AF97: 0 | AG97: 0 | AH97: 0 | AI97: =AE97*100 -> 5000 | AJ97: =AF97*100 -> 0 | AK97: =AG97*300 -> 0 | AL97: =AH97*300 -> 0 | AM97: 50 | AN97: 0 | AO97: 0 | AP97: 0 | AQ97: =AM97*100 -> 5000 | AR97: =AN97*100 -> 0 | AS97: =AO97*300 -> 0 | AT97: =AP97*300 -> 0 | AU97: 58 | AV97: 0 | AW97: 0 | AX97: 0 | AY97: =AU97*100 -> 5800 | AZ97: =AV97*100 -> 0 | BA97: =AW97*300 -> 0 | BB97: =AX97*300 -> 0 | BC97: 58 | BD97: 0 | BE97: 0 | BF97: 2 | BG97: =BC97*100 -> 5800 | BH97: =BD97*100 -> 0 | BI97: =BE97*300 -> 0 | BJ97: =BF97*300 -> 600 | BK97: 58 | BL97: 0 | BM97: 0 | BN97: 2 | BO97: =BK97*100 -> 5800 | BP97: =BL97*100 -> 0 | BQ97: =BM97*300 -> 0 | BR97: =BN97*300 -> 600 | BS97: 58 | BT97: 0 | BU97: 0 | BV97: 2 | BW97: =BS97*100 -> 5800 | BX97: =BT97*100 -> 0 | BY97: =BU97*300 -> 0 | BZ97: =BV97*300 -> 600
... A103: 100 | B103: Yvonne UWIMANA | G103: 32 | H103: 0 | I103: 0 | J103: 0 | K103: =G103*100 -> 3200 | L103: =H103*100 -> 0 | M103: =I103*300 -> 0 | N103: =J103*300 -> 0 | O103: 35 | P103: 0 | Q103: 0 | R103: 0 | S103: =O103*100 -> 3500 | T103: =P103*100 -> 0 | U103: =Q103*300 -> 0 | V103: =R103*300 -> 0 | W103: 34 | X103: 0 | Y103: 0 | Z103: 0 | AA103: =W103*100 -> 3400 | AB103: =X103*100 -> 0 | AC103: =Y103*300 -> 0 | AD103: =Z103*300 -> 0 | AE103: 34 | AF103: 0 | AG103: 0 | AH103: 0 | AI103: =AE103*100 -> 3400 | AJ103: =AF103*100 -> 0 | AK103: =AG103*300 -> 0 | AL103: =AH103*300 -> 0 | AM103: 44 | AN103: 0 | AO103: 0 | AP103: 0 | AQ103: =AM103*100 -> 4400 | AR103: =AN103*100 -> 0 | AS103: =AO103*300 -> 0 | AT103: =AP103*300 -> 0 | AU103: 50 | AV103: 0 | AW103: 0 | AX103: 0 | AY103: =AU103*100 -> 5000 | AZ103: =AV103*100 -> 0 | BA103: =AW103*300 -> 0 | BB103: =AX103*300 -> 0 | BC103: 55 | BD103: 0 | BE103: 0 | BF103: 0 | BG103: =BC103*100 -> 5500 | BH103: =BD103*100 -> 0 | BI103: =BE103*300 -> 0 | BJ103: =BF103*300 -> 0 | BK103: 55 | BL103: 0 | BM103: 0 | BN103: 0 | BO103: =BK103*100 -> 5500 | BP103: =BL103*100 -> 0 | BQ103: =BM103*300 -> 0 | BR103: =BN103*300 -> 0 | BS103: 55 | BT103: 0 | BU103: 0 | BV103: 3 | BW103: =BS103*100 -> 5500 | BX103: =BT103*100 -> 0 | BY103: =BU103*300 -> 0 | BZ103: =BV103*300 -> 900
B104: Total | G104: =SUM(G4:G103) -> 3423.5 | H104: =SUM(H4:H103) -> 179 | I104: 0 | J104: =SUM(J4:J103) -> 1234.6 | K104: =G104*100 -> 342350 | L104: =H104*100 -> 17900 | M104: =I104*300 -> 0 | N104: =J104*300 -> 370380 | O104: =SUM(O4:O103) -> 3648 | P104: =SUM(P4:P103) -> 184 | Q104: 0 | R104: =SUM(R4:R103) -> 1297 | S104: =O104*100 -> 364800 | T104: =P104*100 -> 18400 | U104: =Q104*300 -> 0 | V104: =R104*300 -> 389100 | W104: =SUM(W4:W103) -> 3794 | X104: =SUM(X4:X103) -> 196 | Y104: 0 | Z104: =SUM(Z4:Z103) -> 1343 | AA104: =W104*100 -> 379400 | AB104: =X104*100 -> 19600 | AC104: =Y104*300 -> 0 | AD104: =Z104*300 -> 402900 | AE104: =SUM(AE4:AE103) -> 3929 | AF104: =SUM(AF4:AF103) -> 196 | AG104: 0 | AH104: =SUM(AH4:AH103) -> 1430 | AI104: =AE104*100 -> 392900 | AJ104: =AF104*100 -> 19600 | AK104: =AG104*300 -> 0 | AL104: =AH104*300 -> 429000 | AM104: =SUM(AM4:AM103) -> 4104 | AN104: =SUM(AN4:AN103) -> 209 | AO104: 0 | AP104: =SUM(AP4:AP103) -> 1482 | AQ104: =AM104*100 -> 410400 | AR104: =AN104*100 -> 20900 | AS104: =AO104*300 -> 0 | AT104: =AP104*300 -> 444600 | AU104: =SUM(AU4:AU103) -> 4329 | AV104: =SUM(AV4:AV103) -> 226 | AW104: =SUM(AW4:AW103) -> 12 | AX104: =SUM(AX4:AX103) -> 1517 | AY104: =AU104*100 -> 432900 | AZ104: =AV104*100 -> 22600 | BA104: =AW104*300 -> 3600 | BB104: =AX104*300 -> 455100 | BC104: =SUM(BC4:BC103) -> 4503 | BD104: =SUM(BD4:BD103) -> 235 | BE104: =SUM(BE4:BE103) -> 22 | BF104: =SUM(BF4:BF103) -> 1581 | BG104: =BC104*100 -> 450300 | BH104: =BD104*100 -> 23500 | BI104: =BE104*300 -> 6600 | BJ104: =BF104*300 -> 474300 | BK104: =SUM(BK4:BK103) -> 4694 | BL104: =SUM(BL4:BL103) -> 265 | BM104: =SUM(BM4:BM103) -> 29 | BN104: =SUM(BN4:BN103) -> 1641 | BO104: =BK104*100 -> 469400 | BP104: =BL104*100 -> 26500 | BQ104: =BM104*300 -> 8700 | BR104: =BN104*300 -> 492300 | BS104: =SUM(BS4:BS103) -> 4863 | BT104: =SUM(BT4:BT103) -> 294 | BU104: =SUM(BU4:BU103) -> 42 | BV104: =SUM(BV4:BV103) -> 1697 | BW104: =BS104*100 -> 486300 | BX104: =BT104*100 -> 29400 | BY104: =BU104*300 -> 12600 | BZ104: =BV104*300 -> 509100
AR105: =AN105*100 -> 0
G106: 2022 | AU106: 2023
B107: Cookstoves Second Phase Delivery | G107: Aug | O107: September | W107: October | AE107: Nov | AM107: December | AU107: January | BC107: February | BK107: March | BS107: April | CA107: May | CI107: June | CQ107: July | CY107: Auguster | DG107: September | DO107: October | DW107: Novermber | EE107: December
B108: Member | C108: Coop name | D108: Number of people in the household | E108: Monthly household income | F108: Number of meals per person per day | G108: Firewood consumption foraged (kg/month) | H108: Firewood consumption bought(kg/month) | I108: Charcoal consumption (kg/month) | J108: Pellets consumption (Kg/month | K108: Cost of firewood in-kind (RWF/month) | L108: Cost of firewood spent (RWF/month) | M108: Cost of charcoal (RWF/month) | N108: Cost of Pellets (RWF/month) | O108: Firewood consumption foraged (kg/month) | P108: Firewood consumption bought(kg/month) | Q108: Charcoal consumption (kg/month) | R108: Pellets Consumption (Kg/month | S108: Cost of firewood in-kind (RWF/month) | T108: Cost of firewood spent (RWF/month) | U108: Cost of charcoal (RWF/month) | V108: Cost of Pellets (RWF/month) | W108: Firewood consumption foraged (kg/month) | X108: Firewood consumption bought(kg/month) | Y108: Charcoal consumption (kg/month) | Z108: Pellets consumption (Kg/month | AA108: Cost of firewood in-kind (RWF/month) | AB108: Cost of firewood spent (RWF/month) | AC108: Cost of charcoal (RWF/month) | AD108: Cost of Pellets (RWF/month) | AE108: Firewood consumption foraged (kg/month) | AF108: Firewood consumption bought(kg/month) | AG108: Charcoal consumption (kg/month) | AH108: Pellets consumption (Kg/month | AI108: Cost of firewood in-kind (RWF/month) | AJ108: Cost of firewood spent (RWF/month) | AK108: Cost of charcoal (RWF/month) | AL108: Cost of Pellets (RWF/month) | AM108: Firewood consumption foraged (kg/month) | AN108: Firewood consumption bought(kg/month) | AO108: Charcoal consumption (kg/month) | AP108: Pellets consumption (Kg/month | AQ108: Cost of firewood in-kind (RWF/month) | AR108: Cost of firewood spent (RWF/month) | AS108: Cost of charcoal (RWF/month) | AT108: Cost of Pellets (RWF/month) | AU108: Firewood consumption foraged (kg/month) | AV108: Firewood consumption bought(kg/month) | AW108: Charcoal consumption (kg/month) | AX108: Pellets consumption (Kg/month | AY108: Cost of firewood in-kind (RWF/month) | AZ108: Cost of firewood spent (RWF/month) | BA108: Cost of charcoal (RWF/month) | BB108: Cost of Pellets (RWF/month) | BC108: Firewood consumption foraged (kg/month) | BD108: Firewood consumption bought(kg/month) | BE108: Charcoal consumption (kg/month) | BF108: Pellets consumption (Kg/month | BG108: Cost of firewood in-kind (RWF/month) | BH108: Cost of firewood spent (RWF/month) | BI108: Cost of charcoal (RWF/month) | BJ108: Cost of Pellets (RWF/month) | BK108: Firewood consumption foraged (kg/month) | BL108: Firewood consumption bought(kg/month) | BM108: Charcoal consumption (kg/month) | BN108: Pellets consumption (Kg/month | BO108: Cost of firewood in-kind (RWF/month) | BP108: Cost of firewood spent (RWF/month) | BQ108: Cost of charcoal (RWF/month) | BR108: Cost of Pellets (RWF/month) | BS108: Firewood consumption foraged (kg/month) | BT108: Firewood consumption bought(kg/month) | BU108: Charcoal consumption (kg/month) | BV108: Pellets consumption (Kg/month | BW108: Cost of firewood in-kind (RWF/month) | BX108: Cost of firewood spent (RWF/month) | BY108: Cost of charcoal (RWF/month) | BZ108: Cost of Pellets (RWF/month) | CA108: Firewood consumption foraged (kg/month) | CB108: Firewood consumption bought(kg/month) | CC108: Charcoal consumption (kg/month) | CD108: Pellets consumption (Kg/month | CE108: Cost of firewood in-kind (RWF/month) | CF108: Cost of firewood spent (RWF/month) | CG108: Cost of charcoal (RWF/month) | CH108: Cost of Pellets (RWF/month) | CI108: Firewood consumption foraged (kg/month) | CJ108: Firewood consumption bought(kg/month) | CK108: Charcoal consumption (kg/month) | CL108: Pellets consumption (Kg/month | CM108: Cost of firewood in-kind (RWF/month) | CN108: Cost of firewood spent (RWF/month) | CO108: Cost of charcoal (RWF/month) | CP108: Cost of Pellets (RWF/month) | CQ108: Firewood consumption foraged (kg/month) | CR108: Firewood consumption bought(kg/month) | CS108: Charcoal consumption (kg/month) | CT108: Pellets consumption (Kg/month | CU108: Cost of firewood in-kind (RWF/month) | CV108: Cost of firewood spent (RWF/month) | CW108: Cost of charcoal (RWF/month) | CX108: Cost of Pellets (RWF/month) | CY108: Firewood consumption foraged (kg/month) | CZ108: Firewood consumption bought(kg/month) | DA108: Charcoal consumption (kg/month) | DB108: Pellets consumption (Kg/month | DC108: Cost of firewood in-kind (RWF/month) | DD108: Cost of firewood spent (RWF/month) | DE108: Cost of charcoal (RWF/month) | DF108: Cost of Pellets (RWF/month) | DG108: Firewood consumption foraged (kg/month) | DH108: Firewood consumption bought(kg/month) | DI108: Charcoal consumption (kg/month) | DJ108: Pellets consumption (Kg/month | DK108: Cost of firewood in-kind (RWF/month) | DL108: Cost of firewood spent (RWF/month) | DM108: Cost of charcoal (RWF/month) | DN108: Cost of Pellets (RWF/month) | DO108: Firewood consumption foraged (kg/month) | DP108: Firewood consumption bought(kg/month) | DQ108: Charcoal consumption (kg/month) | DR108: Pellets consumption (Kg/month | DS108: Cost of firewood in-kind (RWF/month) | DT108: Cost of firewood spent (RWF/month) | DU108: Cost of charcoal (RWF/month) | DV108: Cost of Pellets (RWF/month) | DW108: Firewood consumption foraged (kg/month) | DX108: Firewood consumption bought(kg/month) | DY108: Charcoal consumption (kg/month) | DZ108: Pellets consumption (Kg/month | EA108: Cost of firewood in-kind (RWF/month) | EB108: Cost of firewood spent (RWF/month) | EC108: Cost of charcoal (RWF/month) | ED108: Cost of Pellets (RWF/month) | EE108: Firewood consumption foraged (kg/month) | EF108: Firewood consumption bought(kg/month) | EG108: Charcoal consumption (kg/month) | EH108: Pellets consumption (Kg/month | EI108: Cost of firewood in-kind (RWF/month) | EJ108: Cost of firewood spent (RWF/month) | EK108: Cost of charcoal (RWF/month) | EL108: Cost of Pellets (RWF/month)
A109: 1 | B109: Adrien Namugire | G109: 56 | H109: 0 | I109: 0 | J109: 20 | K109: =G109*100 -> 5600 | L109: =H109*100 -> 0 | M109: =I109*300 -> 0 | N109: =J109*300 -> 6000 | O109: 54 | P109: 0 | Q109: 0 | R109: 20 | S109: =O109*100 -> 5400 | T109: =P109*100 -> 0 | U109: =Q109*300 -> 0 | V109: =R109*300 -> 6000 | W109: 52 | X109: 0 | Y109: 0 | Z109: 20 | AA109: =W109*100 -> 5200 | AB109: =X109*100 -> 0 | AC109: =Y109*300 -> 0 | AD109: =Z109*300 -> 6000 | AE109: 56 | AF109: 0 | AG109: 0 | AH109: 20 | AI109: =AE109*100 -> 5600 | AJ109: =AF109*100 -> 0 | AK109: =AG109*300 -> 0 | AL109: =AH109*300 -> 6000 | AM109: 54 | AN109: 0 | AO109: 0 | AP109: 20 | AQ109: =AM109*100 -> 5400 | AR109: =AN109*100 -> 0 | AS109: =AO109*300 -> 0 | AT109: =AP109*300 -> 6000 | AU109: 54 | AV109: 0 | AW109: 0 | AX109: 20 | AY109: =AU109*100 -> 5400 | AZ109: =AV109*100 -> 0 | BA109: =AW109*300 -> 0 | BB109: =AX109*300 -> 6000 | BC109: 55 | BD109: 0 | BE109: 0 | BF109: 19 | BG109: =BC109*100 -> 5500 | BH109: =BD109*100 -> 0 | BI109: =BE109*300 -> 0 | BJ109: =BF109*300 -> 5700 | BK109: 56 | BL109: 0 | BM109: 0 | BN109: 18 | BO109: =BK109*100 -> 5600 | BP109: =BL109*100 -> 0 | BQ109: =BM109*300 -> 0 | BR109: =BN109*300 -> 5400 | BS109: 56 | BT109: 0 | BU109: 0 | BV109: 18 | BW109: =BS109*100 -> 5600 | BX109: =BT109*100 -> 0 | BY109: =BU109*300 -> 0 | BZ109: =BV109*300 -> 5400
A110: 2 | B110: Agnes Kankesha | G110: 42 | H110: 0 | I110: 0 | J110: 10 | K110: =G110*100 -> 4200 | L110: =H110*100 -> 0 | M110: =I110*300 -> 0 | N110: =J110*300 -> 3000 | O110: 44 | P110: 0 | Q110: 0 | R110: 20 | S110: =O110*100 -> 4400 | T110: =P110*100 -> 0 | U110: =Q110*300 -> 0 | V110: =R110*300 -> 6000 | W110: 46 | X110: 0 | Y110: 0 | Z110: 15 | AA110: =W110*100 -> 4600 | AB110: =X110*100 -> 0 | AC110: =Y110*300 -> 0 | AD110: =Z110*300 -> 4500 | AE110: 44 | AF110: 0 | AG110: 0 | AH110: 20 | AI110: =AE110*100 -> 4400 | AJ110: =AF110*100 -> 0 | AK110: =AG110*300 -> 0 | AL110: =AH110*300 -> 6000 | AM110: 45 | AN110: 0 | AO110: 0 | AP110: 20 | AQ110: =AM110*100 -> 4500 | AR110: =AN110*100 -> 0 | AS110: =AO110*300 -> 0 | AT110: =AP110*300 -> 6000 | AU110: 44 | AV110: 0 | AW110: 0 | AX110: 20 | AY110: =AU110*100 -> 4400 | AZ110: =AV110*100 -> 0 | BA110: =AW110*300 -> 0 | BB110: =AX110*300 -> 6000 | BC110: 45 | BD110: 0 | BE110: 0 | BF110: 20 | BG110: =BC110*100 -> 4500 | BH110: =BD110*100 -> 0 | BI110: =BE110*300 -> 0 | BJ110: =BF110*300 -> 6000 | BK110: 48 | BL110: 0 | BM110: 0 | BN110: 20 | BO110: =BK110*100 -> 4800 | BP110: =BL110*100 -> 0 | BQ110: =BM110*300 -> 0 | BR110: =BN110*300 -> 6000 | BS110: 50 | BT110: 0 | BU110: 0 | BV110: 20 | BW110: =BS110*100 -> 5000 | BX110: =BT110*100 -> 0 | BY110: =BU110*300 -> 0 | BZ110: =BV110*300 -> 6000
A111: 3 | B111: Alice Mukabucyana | G111: 30 | H111: 0 | I111: 0 | J111: 10 | K111: =G111*100 -> 3000 | L111: =H111*100 -> 0 | M111: =I111*300 -> 0 | N111: =J111*300 -> 3000 | O111: 32 | P111: 0 | Q111: 0 | R111: 20 | S111: =O111*100 -> 3200 | T111: =P111*100 -> 0 | U111: =Q111*300 -> 0 | V111: =R111*300 -> 6000 | W111: 30 | X111: 0 | Y111: 0 | Z111: 18 | AA111: =W111*100 -> 3000 | AB111: =X111*100 -> 0 | AC111: =Y111*300 -> 0 | AD111: =Z111*300 -> 5400 | AE111: 30 | AF111: 0 | AG111: 0 | AH111: 18 | AI111: =AE111*100 -> 3000 | AJ111: =AF111*100 -> 0 | AK111: =AG111*300 -> 0 | AL111: =AH111*300 -> 5400 | AM111: 34 | AN111: 0 | AO111: 0 | AP111: 18 | AQ111: =AM111*100 -> 3400 | AR111: =AN111*100 -> 0 | AS111: =AO111*300 -> 0 | AT111: =AP111*300 -> 5400 | AU111: 36 | AV111: 0 | AW111: 0 | AX111: 16 | AY111: =AU111*100 -> 3600 | AZ111: =AV111*100 -> 0 | BA111: =AW111*300 -> 0 | BB111: =AX111*300 -> 4800 | BC111: 38 | BD111: 0 | BE111: 0 | BF111: 16 | BG111: =BC111*100 -> 3800 | BH111: =BD111*100 -> 0 | BI111: =BE111*300 -> 0 | BJ111: =BF111*300 -> 4800 | BK111: 41 | BL111: 0 | BM111: 0 | BN111: 18 | BO111: =BK111*100 -> 4100 | BP111: =BL111*100 -> 0 | BQ111: =BM111*300 -> 0 | BR111: =BN111*300 -> 5400 | BS111: 45 | BT111: 0 | BU111: 0 | BV111: 18 | BW111: =BS111*100 -> 4500 | BX111: =BT111*100 -> 0 | BY111: =BU111*300 -> 0 | BZ111: =BV111*300 -> 5400
A112: 4 | B112: Alphonsine Uwimana | G112: 32 | H112: 0 | I112: 0 | J112: 15 | K112: =G112*100 -> 3200 | L112: =H112*100 -> 0 | M112: =I112*300 -> 0 | N112: =J112*300 -> 4500 | O112: 35 | P112: 0 | Q112: 0 | R112: 20 | S112: =O112*100 -> 3500 | T112: =P112*100 -> 0 | U112: =Q112*300 -> 0 | V112: =R112*300 -> 6000 | W112: 35 | X112: 0 | Y112: 0 | Z112: 16 | AA112: =W112*100 -> 3500 | AB112: =X112*100 -> 0 | AC112: =Y112*300 -> 0 | AD112: =Z112*300 -> 4800 | AE112: 36 | AF112: 0 | AG112: 0 | AH112: 12 | AI112: =AE112*100 -> 3600 | AJ112: =AF112*100 -> 0 | AK112: =AG112*300 -> 0 | AL112: =AH112*300 -> 3600 | AM112: 40 | AN112: 0 | AO112: 0 | AP112: 12 | AQ112: =AM112*100 -> 4000 | AR112: =AN112*100 -> 0 | AS112: =AO112*300 -> 0 | AT112: =AP112*300 -> 3600 | AU112: 42 | AV112: 0 | AW112: 0 | AX112: 12 | AY112: =AU112*100 -> 4200 | AZ112: =AV112*100 -> 0 | BA112: =AW112*300 -> 0 | BB112: =AX112*300 -> 3600 | BC112: 44 | BD112: 0 | BE112: 0 | BF112: 20 | BG112: =BC112*100 -> 4400 | BH112: =BD112*100 -> 0 | BI112: =BE112*300 -> 0 | BJ112: =BF112*300 -> 6000 | BK112: 45 | BL112: 0 | BM112: 0 | BN112: 20 | BO112: =BK112*100 -> 4500 | BP112: =BL112*100 -> 0 | BQ112: =BM112*300 -> 0 | BR112: =BN112*300 -> 6000 | BS112: 48 | BT112: 0 | BU112: 0 | BV112: 20 | BW112: =BS112*100 -> 4800 | BX112: =BT112*100 -> 0 | BY112: =BU112*300 -> 0 | BZ112: =BV112*300 -> 6000
A113: 5 | B113: Angelique Mukaburasa | G113: 50 | H113: 0 | I113: 0 | J113: 12 | K113: =G113*100 -> 5000 | L113: =H113*100 -> 0 | M113: =I113*300 -> 0 | N113: =J113*300 -> 3600 | O113: 50 | P113: 0 | Q113: 0 | R113: 12 | S113: =O113*100 -> 5000 | T113: =P113*100 -> 0 | U113: =Q113*300 -> 0 | V113: =R113*300 -> 3600 | W113: 52 | X113: 0 | Y113: 0 | Z113: 14 | AA113: =W113*100 -> 5200 | AB113: =X113*100 -> 0 | AC113: =Y113*300 -> 0 | AD113: =Z113*300 -> 4200 | AE113: 50 | AF113: 0 | AG113: 0 | AH113: 16 | AI113: =AE113*100 -> 5000 | AJ113: =AF113*100 -> 0 | AK113: =AG113*300 -> 0 | AL113: =AH113*300 -> 4800 | AM113: 52 | AN113: 0 | AO113: 0 | AP113: 18 | AQ113: =AM113*100 -> 5200 | AR113: =AN113*100 -> 0 | AS113: =AO113*300 -> 0 | AT113: =AP113*300 -> 5400 | AU113: 52 | AV113: 0 | AW113: 0 | AX113: 18 | AY113: =AU113*100 -> 5200 | AZ113: =AV113*100 -> 0 | BA113: =AW113*300 -> 0 | BB113: =AX113*300 -> 5400 | BC113: 56 | BD113: 0 | BE113: 0 | BF113: 18 | BG113: =BC113*100 -> 5600 | BH113: =BD113*100 -> 0 | BI113: =BE113*300 -> 0 | BJ113: =BF113*300 -> 5400 | BK113: 56 | BL113: 0 | BM113: 0 | BN113: 18 | BO113: =BK113*100 -> 5600 | BP113: =BL113*100 -> 0 | BQ113: =BM113*300 -> 0 | BR113: =BN113*300 -> 5400 | BS113: 55 | BT113: 0 | BU113: 0 | BV113: 18 | BW113: =BS113*100 -> 5500 | BX113: =BT113*100 -> 0 | BY113: =BU113*300 -> 0 | BZ113: =BV113*300 -> 5400
A114: 6 | B114: Angelique Byukusenge | G114: 45 | H114: 0 | I114: 0 | J114: 15 | K114: =G114*100 -> 4500 | L114: =H114*100 -> 0 | M114: =I114*300 -> 0 | N114: =J114*300 -> 4500 | O114: 45 | P114: 0 | Q114: 0 | R114: 15 | S114: =O114*100 -> 4500 | T114: =P114*100 -> 0 | U114: =Q114*300 -> 0 | V114: =R114*300 -> 4500 | W114: 44 | X114: 0 | Y114: 0 | Z114: 10 | AA114: =W114*100 -> 4400 | AB114: =X114*100 -> 0 | AC114: =Y114*300 -> 0 | AD114: =Z114*300 -> 3000 | AE114: 46 | AF114: 0 | AG114: 0 | AH114: 20 | AI114: =AE114*100 -> 4600 | AJ114: =AF114*100 -> 0 | AK114: =AG114*300 -> 0 | AL114: =AH114*300 -> 6000 | AM114: 47 | AN114: 0 | AO114: 0 | AP114: 20 | AQ114: =AM114*100 -> 4700 | AR114: =AN114*100 -> 0 | AS114: =AO114*300 -> 0 | AT114: =AP114*300 -> 6000 | AU114: 45 | AV114: 0 | AW114: 0 | AX114: 20 | AY114: =AU114*100 -> 4500 | AZ114: =AV114*100 -> 0 | BA114: =AW114*300 -> 0 | BB114: =AX114*300 -> 6000 | BC114: 49 | BD114: 0 | BE114: 0 | BF114: 20 | BG114: =BC114*100 -> 4900 | BH114: =BD114*100 -> 0 | BI114: =BE114*300 -> 0 | BJ114: =BF114*300 -> 6000 | BK114: 50 | BL114: 0 | BM114: 0 | BN114: 20 | BO114: =BK114*100 -> 5000 | BP114: =BL114*100 -> 0 | BQ114: =BM114*300 -> 0 | BR114: =BN114*300 -> 6000 | BS114: 52 | BT114: 0 | BU114: 0 | BV114: 20 | BW114: =BS114*100 -> 5200 | BX114: =BT114*100 -> 0 | BY114: =BU114*300 -> 0 | BZ114: =BV114*300 -> 6000
A115: 7 | B115: Augustin Mudaheranwa | G115: 55 | H115: 0 | I115: 0 | J115: 18 | K115: =G115*100 -> 5500 | L115: =H115*100 -> 0 | M115: =I115*300 -> 0 | N115: =J115*300 -> 5400 | O115: 55 | P115: 0 | Q115: 0 | R115: 18 | S115: =O115*100 -> 5500 | T115: =P115*100 -> 0 | U115: =Q115*300 -> 0 | V115: =R115*300 -> 5400 | W115: 60 | X115: 0 | Y115: 0 | Z115: 20 | AA115: =W115*100 -> 6000 | AB115: =X115*100 -> 0 | AC115: =Y115*300 -> 0 | AD115: =Z115*300 -> 6000 | AE115: 60 | AF115: 0 | AG115: 0 | AH115: 8 | AI115: =AE115*100 -> 6000 | AJ115: =AF115*100 -> 0 | AK115: =AG115*300 -> 0 | AL115: =AH115*300 -> 2400 | AM115: 58 | AN115: 0 | AO115: 0 | AP115: 8 | AQ115: =AM115*100 -> 5800 | AR115: =AN115*100 -> 0 | AS115: =AO115*300 -> 0 | AT115: =AP115*300 -> 2400 | AU115: 60 | AV115: 0 | AW115: 0 | AX115: 10 | AY115: =AU115*100 -> 6000 | AZ115: =AV115*100 -> 0 | BA115: =AW115*300 -> 0 | BB115: =AX115*300 -> 3000 | BC115: 58 | BD115: 0 | BE115: 0 | BF115: 10 | BG115: =BC115*100 -> 5800 | BH115: =BD115*100 -> 0 | BI115: =BE115*300 -> 0 | BJ115: =BF115*300 -> 3000 | BK115: 60 | BL115: 0 | BM115: 0 | BN115: 10 | BO115: =BK115*100 -> 6000 | BP115: =BL115*100 -> 0 | BQ115: =BM115*300 -> 0 | BR115: =BN115*300 -> 3000 | BS115: 60 | BT115: 0 | BU115: 0 | BV115: 15 | BW115: =BS115*100 -> 6000 | BX115: =BT115*100 -> 0 | BY115: =BU115*300 -> 0 | BZ115: =BV115*300 -> 4500
A116: 8 | B116: Beatrice Ntashamaje | G116: 48 | H116: 0 | I116: 0 | J116: 18 | K116: =G116*100 -> 4800 | L116: =H116*100 -> 0 | M116: =I116*300 -> 0 | N116: =J116*300 -> 5400 | O116: 48 | P116: 0 | Q116: 0 | R116: 20 | S116: =O116*100 -> 4800 | T116: =P116*100 -> 0 | U116: =Q116*300 -> 0 | V116: =R116*300 -> 6000 | W116: 50 | X116: 0 | Y116: 0 | Z116: 10 | AA116: =W116*100 -> 5000 | AB116: =X116*100 -> 0 | AC116: =Y116*300 -> 0 | AD116: =Z116*300 -> 3000 | AE116: 55 | AF116: 0 | AG116: 0 | AH116: 14 | AI116: =AE116*100 -> 5500 | AJ116: =AF116*100 -> 0 | AK116: =AG116*300 -> 0 | AL116: =AH116*300 -> 4200 | AM116: 56 | AN116: 0 | AO116: 0 | AP116: 16 | AQ116: =AM116*100 -> 5600 | AR116: =AN116*100 -> 0 | AS116: =AO116*300 -> 0 | AT116: =AP116*300 -> 4800 | AU116: 56 | AV116: 0 | AW116: 0 | AX116: 18 | AY116: =AU116*100 -> 5600 | AZ116: =AV116*100 -> 0 | BA116: =AW116*300 -> 0 | BB116: =AX116*300 -> 5400 | BC116: 61 | BD116: 0 | BE116: 0 | BF116: 16 | BG116: =BC116*100 -> 6100 | BH116: =BD116*100 -> 0 | BI116: =BE116*300 -> 0 | BJ116: =BF116*300 -> 4800 | BK116: 59 | BL116: 0 | BM116: 0 | BN116: 20 | BO116: =BK116*100 -> 5900 | BP116: =BL116*100 -> 0 | BQ116: =BM116*300 -> 0 | BR116: =BN116*300 -> 6000 | BS116: 61 | BT116: 0 | BU116: 0 | BV116: 20 | BW116: =BS116*100 -> 6100 | BX116: =BT116*100 -> 0 | BY116: =BU116*300 -> 0 | BZ116: =BV116*300 -> 6000
A117: 9 | B117: Beatrice Uwajeneza | G117: 40 | H117: 0 | I117: 0 | J117: 18 | K117: =G117*100 -> 4000 | L117: =H117*100 -> 0 | M117: =I117*300 -> 0 | N117: =J117*300 -> 5400 | O117: 40 | P117: 0 | Q117: 0 | R117: 18 | S117: =O117*100 -> 4000 | T117: =P117*100 -> 0 | U117: =Q117*300 -> 0 | V117: =R117*300 -> 5400 | W117: 40 | X117: 0 | Y117: 0 | Z117: 20 | AA117: =W117*100 -> 4000 | AB117: =X117*100 -> 0 | AC117: =Y117*300 -> 0 | AD117: =Z117*300 -> 6000 | AE117: 42 | AF117: 0 | AG117: 0 | AH117: 20 | AI117: =AE117*100 -> 4200 | AJ117: =AF117*100 -> 0 | AK117: =AG117*300 -> 0 | AL117: =AH117*300 -> 6000 | AM117: 45 | AN117: 0 | AO117: 0 | AP117: 20 | AQ117: =AM117*100 -> 4500 | AR117: =AN117*100 -> 0 | AS117: =AO117*300 -> 0 | AT117: =AP117*300 -> 6000 | AU117: 46 | AV117: 0 | AW117: 0 | AX117: 20 | AY117: =AU117*100 -> 4600 | AZ117: =AV117*100 -> 0 | BA117: =AW117*300 -> 0 | BB117: =AX117*300 -> 6000 | BC117: 48 | BD117: 0 | BE117: 0 | BF117: 20 | BG117: =BC117*100 -> 4800 | BH117: =BD117*100 -> 0 | BI117: =BE117*300 -> 0 | BJ117: =BF117*300 -> 6000 | BK117: 48 | BL117: 0 | BM117: 0 | BN117: 19 | BO117: =BK117*100 -> 4800 | BP117: =BL117*100 -> 0 | BQ117: =BM117*300 -> 0 | BR117: =BN117*300 -> 5700 | BS117: 50 | BT117: 0 | BU117: 0 | BV117: 19 | BW117: =BS117*100 -> 5000 | BX117: =BT117*100 -> 0 | BY117: =BU117*300 -> 0 | BZ117: =BV117*300 -> 5700
A118: 10 | B118: Beatrice Cyatengwa | G118: 28 | H118: 0 | I118: 0 | J118: 10 | K118: =G118*100 -> 2800 | L118: =H118*100 -> 0 | M118: =I118*300 -> 0 | N118: =J118*300 -> 3000 | O118: 28 | P118: 0 | Q118: 0 | R118: 10 | S118: =O118*100 -> 2800 | T118: =P118*100 -> 0 | U118: =Q118*300 -> 0 | V118: =R118*300 -> 3000 | W118: 30 | X118: 0 | Y118: 0 | Z118: 10 | AA118: =W118*100 -> 3000 | AB118: =X118*100 -> 0 | AC118: =Y118*300 -> 0 | AD118: =Z118*300 -> 3000 | AE118: 35 | AF118: 0 | AG118: 0 | AH118: 12 | AI118: =AE118*100 -> 3500 | AJ118: =AF118*100 -> 0 | AK118: =AG118*300 -> 0 | AL118: =AH118*300 -> 3600 | AM118: 38 | AN118: 0 | AO118: 0 | AP118: 12 | AQ118: =AM118*100 -> 3800 | AR118: =AN118*100 -> 0 | AS118: =AO118*300 -> 0 | AT118: =AP118*300 -> 3600 | AU118: 38 | AV118: 0 | AW118: 0 | AX118: 12 | AY118: =AU118*100 -> 3800 | AZ118: =AV118*100 -> 0 | BA118: =AW118*300 -> 0 | BB118: =AX118*300 -> 3600 | BC118: 40 | BD118: 0 | BE118: 0 | BF118: 12 | BG118: =BC118*100 -> 4000 | BH118: =BD118*100 -> 0 | BI118: =BE118*300 -> 0 | BJ118: =BF118*300 -> 3600 | BK118: 44 | BL118: 0 | BM118: 0 | BN118: 18 | BO118: =BK118*100 -> 4400 | BP118: =BL118*100 -> 0 | BQ118: =BM118*300 -> 0 | BR118: =BN118*300 -> 5400 | BS118: 45 | BT118: 0 | BU118: 0 | BV118: 18 | BW118: =BS118*100 -> 4500 | BX118: =BT118*100 -> 0 | BY118: =BU118*300 -> 0 | BZ118: =BV118*300 -> 5400
A119: 11 | B119: Belancilla Kangondo | G119: 46 | H119: 0 | I119: 0 | J119: 5 | K119: =G119*100 -> 4600 | L119: =H119*100 -> 0 | M119: =I119*300 -> 0 | N119: =J119*300 -> 1500 | O119: 46 | P119: 0 | Q119: 0 | R119: 10 | S119: =O119*100 -> 4600 | T119: =P119*100 -> 0 | U119: =Q119*300 -> 0 | V119: =R119*300 -> 3000 | W119: 40 | X119: 0 | Y119: 0 | Z119: 12 | AA119: =W119*100 -> 4000 | AB119: =X119*100 -> 0 | AC119: =Y119*300 -> 0 | AD119: =Z119*300 -> 3600 | AE119: 28 | AF119: 0 | AG119: 0 | AH119: 20 | AI119: =AE119*100 -> 2800 | AJ119: =AF119*100 -> 0 | AK119: =AG119*300 -> 0 | AL119: =AH119*300 -> 6000 | AM119: 32 | AN119: 0 | AO119: 0 | AP119: 20 | AQ119: =AM119*100 -> 3200 | AR119: =AN119*100 -> 0 | AS119: =AO119*300 -> 0 | AT119: =AP119*300 -> 6000 | AU119: 36 | AV119: 0 | AW119: 0 | AX119: 20 | AY119: =AU119*100 -> 3600 | AZ119: =AV119*100 -> 0 | BA119: =AW119*300 -> 0 | BB119: =AX119*300 -> 6000 | BC119: 36 | BD119: 0 | BE119: 0 | BF119: 20 | BG119: =BC119*100 -> 3600 | BH119: =BD119*100 -> 0 | BI119: =BE119*300 -> 0 | BJ119: =BF119*300 -> 6000 | BK119: 36 | BL119: 0 | BM119: 0 | BN119: 20 | BO119: =BK119*100 -> 3600 | BP119: =BL119*100 -> 0 | BQ119: =BM119*300 -> 0 | BR119: =BN119*300 -> 6000 | BS119: 36 | BT119: 0 | BU119: 0 | BV119: 20 | BW119: =BS119*100 -> 3600 | BX119: =BT119*100 -> 0 | BY119: =BU119*300 -> 0 | BZ119: =BV119*300 -> 6000
A120: 12 | B120: Christine Kayogire | G120: 10 | H120: 0 | I120: 0 | J120: 5 | K120: =G120*100 -> 1000 | L120: =H120*100 -> 0 | M120: =I120*300 -> 0 | N120: =J120*300 -> 1500 | O120: 10 | P120: 0 | Q120: 0 | R120: 15 | S120: =O120*100 -> 1000 | T120: =P120*100 -> 0 | U120: =Q120*300 -> 0 | V120: =R120*300 -> 4500 | W120: 15 | X120: 0 | Y120: 0 | Z120: 15 | AA120: =W120*100 -> 1500 | AB120: =X120*100 -> 0 | AC120: =Y120*300 -> 0 | AD120: =Z120*300 -> 4500 | AE120: 18 | AF120: 0 | AG120: 0 | AH120: 20 | AI120: =AE120*100 -> 1800 | AJ120: =AF120*100 -> 0 | AK120: =AG120*300 -> 0 | AL120: =AH120*300 -> 6000 | AM120: 21 | AN120: 0 | AO120: 0 | AP120: 20 | AQ120: =AM120*100 -> 2100 | AR120: =AN120*100 -> 0 | AS120: =AO120*300 -> 0 | AT120: =AP120*300 -> 6000 | AU120: 20 | AV120: 0 | AW120: 0 | AX120: 20 | AY120: =AU120*100 -> 2000 | AZ120: =AV120*100 -> 0 | BA120: =AW120*300 -> 0 | BB120: =AX120*300 -> 6000 | BC120: 25 | BD120: 0 | BE120: 0 | BF120: 20 | BG120: =BC120*100 -> 2500 | BH120: =BD120*100 -> 0 | BI120: =BE120*300 -> 0 | BJ120: =BF120*300 -> 6000 | BK120: 32 | BL120: 0 | BM120: 0 | BN120: 20 | BO120: =BK120*100 -> 3200 | BP120: =BL120*100 -> 0 | BQ120: =BM120*300 -> 0 | BR120: =BN120*300 -> 6000 | BS120: 30 | BT120: 0 | BU120: 0 | BV120: 20 | BW120: =BS120*100 -> 3000 | BX120: =BT120*100 -> 0 | BY120: =BU120*300 -> 0 | BZ120: =BV120*300 -> 6000
... A169: 61 | B169: Vestine Yankurije | G169: 35 | H169: 0 | I169: 0 | J169: 20 | K169: =G169*100 -> 3500 | L169: =H169*100 -> 0 | M169: =I169*300 -> 0 | N169: =J169*300 -> 6000 | O169: 38 | P169: 0 | Q169: 0 | R169: 20 | S169: =O169*100 -> 3800 | T169: =P169*100 -> 0 | U169: =Q169*300 -> 0 | V169: =R169*300 -> 6000 | W169: 40 | X169: 0 | Y169: 0 | Z169: 20 | AA169: =W169*100 -> 4000 | AB169: =X169*100 -> 0 | AC169: =Y169*300 -> 0 | AD169: =Z169*300 -> 6000 | AE169: 60 | AF169: 0 | AG169: 0 | AH169: 20 | AI169: =AE169*100 -> 6000 | AJ169: =AF169*100 -> 0 | AK169: =AG169*300 -> 0 | AL169: =AH169*300 -> 6000 | AM169: 60 | AN169: 0 | AO169: 0 | AP169: 15 | AQ169: =AM169*100 -> 6000 | AR169: =AN169*100 -> 0 | AS169: =AO169*300 -> 0 | AT169: =AP169*300 -> 4500 | AU169: 60 | AV169: 0 | AW169: 0 | AX169: 15 | AY169: =AU169*100 -> 6000 | AZ169: =AV169*100 -> 0 | BA169: =AW169*300 -> 0 | BB169: =AX169*300 -> 4500 | BC169: 60 | BD169: 0 | BE169: 0 | BF169: 15 | BG169: =BC169*100 -> 6000 | BH169: =BD169*100 -> 0 | BI169: =BE169*300 -> 0 | BJ169: =BF169*300 -> 4500 | BK169: 60 | BL169: 0 | BM169: 0 | BN169: 15 | BO169: =BK169*100 -> 6000 | BP169: =BL169*100 -> 0 | BQ169: =BM169*300 -> 0 | BR169: =BN169*300 -> 4500 | BS169: 60 | BT169: 0 | BU169: 0 | BV169: 15 | BW169: =BS169*100 -> 6000 | BX169: =BT169*100 -> 0 | BY169: =BU169*300 -> 0 | BZ169: =BV169*300 -> 4500
B170: Total | G170: =SUM(G109:G169) -> 2114 | H170: =SUM(H109:H169) -> 87 | I170: =SUM(I109:I169) -> 0 | J170: =SUM(J109:J169) -> 614 | K170: =SUM(K109:K169) -> 211400 | L170: =SUM(L109:L169) -> 8700 | M170: =SUM(M109:M169) -> 0 | N170: =SUM(N109:N169) -> 184200 | ... BZ170: =SUM(BZ109:BZ169) -> 327900

Sheet Baseline (June to Sep)
G2: June | M2: July | S2: August | Y2: September
A3: # | B3: Member | C3: Coop name | D3: Number of people in the household | E3: Monthly household income | F3: Number of meals per person per day | G3: Firewood consumption foraged (kg/month) | H3: Firewood consumption bought(kg/month) | I3: Charcoal consumption (kg/month) | J3: Cost of firewood in-kind (RWF/month) | K3: Cost of firewood spent (RWF/month) | L3: Cost of charcoal (RWF/month) | M3: Firewood consumption foraged (kg/month) | N3: Firewood consumption bought(kg/month) | O3: Charcoal consumption (kg/month) | P3: Cost of firewood in-kind (RWF/month) | Q3: Cost of firewood spent (RWF/month) | R3: Cost of charcoal (RWF/month) | S3: Firewood consumption foraged (kg/month) | T3: Firewood consumption bought(kg/month) | U3: Charcoal consumption (kg/month) | V3: Cost of firewood in-kind (RWF/month) | W3: Cost of firewood spent (RWF/month) | X3: Cost of charcoal (RWF/month) | Y3: Firewood consumption foraged (kg/month) | Z3: Firewood consumption bought(kg/month) | AA3: Charcoal consumption (kg/month) | AB3: Cost of firewood in-kind (RWF/month) | AC3: Cost of firewood spent (RWF/month) | AD3: Cost of charcoal (RWF/month)
A4: 1 | B4: Agnes MUSABYEYEZU | C4: Twiyubake Family | D4: 8 | E4: 45000 | F4: 2 | G4: 40 | I4: 20 | K4: =G4*100 -> 4000 | L4: =I4*300 -> 6000 | M4: 20 | O4: 22 | Q4: =M4*100 -> 2000 | R4: =O4*300 -> 6600 | S4: 40 | U4: 15 | V4: =S4*100 -> 4000 | X4: =U4*300 -> 4500 | Y4: 20 | AA4: 22 | AC4: =Y4*100 -> 2000 | AD4: =AA4*300 -> 6600
A5: 2 | B5: Alice MUKAMISHA | C5: Genda ugire utyo | D5: 7 | E5: 50000 | F5: 3 | G5: 20 | I5: 40 | K5: =G5*100 -> 2000 | L5: =I5*300 -> 12000 | M5: 0 | O5: 35 | Q5: =M5*100 -> 0 | R5: =O5*300 -> 10500 | S5: 20 | U5: 25 | V5: =S5*100 -> 2000 | X5: =U5*300 -> 7500 | Y5: 32 | AA5: 30 | AC5: =Y5*100 -> 3200 | AD5: =AA5*300 -> 9000
A6: 3 | B6: Alphonsine MUKARUGINA | C6: Twisungane | D6: 10 | E6: 50000 | F6: 3 | G6: 60 | I6: 30 | K6: =G6*100 -> 6000 | L6: =I6*300 -> 9000 | M6: 30 | O6: 28 | Q6: =M6*100 -> 3000 | R6: =O6*300 -> 8400 | S6: 35 | U6: 22 | V6: =S6*100 -> 3500 | X6: =U6*300 -> 6600 | Y6: 38 | AA6: 25 | AC6: =Y6*100 -> 3800 | AD6: =AA6*300 -> 7500
A7: 4 | B7: Anathalia MUKANKUSI | C7: Genda ugire utyo | D7: 7 | E7: 25000 | F7: 2 | G7: 20 | I7: 0 | K7: =G7*100 -> 2000 | L7: =I7*300 -> 0 | M7: 20 | O7: 10 | Q7: =M7*100 -> 2000 | R7: =O7*300 -> 3000 | S7: 25 | U7: 10 | V7: =S7*100 -> 2500 | X7: =U7*300 -> 3000 | Y7: 25 | AA7: 14 | AC7: =Y7*100 -> 2500 | AD7: =AA7*300 -> 4200
A8: 5 | B8: Angelique BYUKUSENGE | C8: Abagarukanarumuri | D8: 4 | E8: 45000 | F8: 2 | G8: 40 | I8: 0 | K8: =G8*100 -> 4000 | L8: =I8*300 -> 0 | M8: 10 | O8: 15 | Q8: =M8*100 -> 1000 | R8: =O8*300 -> 4500 | S8: 20 | U8: 10 | V8: =S8*100 -> 2000 | X8: =U8*300 -> 3000 | Y8: 30 | AA8: 15 | AC8: =Y8*100 -> 3000 | AD8: =AA8*300 -> 4500
A9: 6 | B9: Angelique MUHAWENIMANA | C9: Icyerekezo | D9: 3 | E9: 30000 | F9: 2 | G9: 20 | I9: 20 | K9: =G9*100 -> 2000 | L9: =I9*300 -> 6000 | M9: 20 | O9: 10 | Q9: =M9*100 -> 2000 | R9: =O9*300 -> 3000 | S9: 40 | U9: 5 | V9: =S9*100 -> 4000 | X9: =U9*300 -> 1500 | Y9: 32 | AA9: 10 | AC9: =Y9*100 -> 3200 | AD9: =AA9*300 -> 3000
A10: 7 | B10: Angelique MUKANDORI | C10: Twisungane | D10: 6 | E10: 55000 | F10: 3 | G10: 60 | I10: 40 | K10: =G10*100 -> 6000 | L10: =I10*300 -> 12000 | M10: 40 | O10: 40 | Q10: =M10*100 -> 4000 | R10: =O10*300 -> 12000 | S10: 40 | U10: 34 | V10: =S10*100 -> 4000 | X10: =U10*300 -> 10200 | Y10: 25 | AA10: 30 | AC10: =Y10*100 -> 2500 | AD10: =AA10*300 -> 9000
A11: 8 | B11: Angelique NYIRANEZA | C11: Genda ugire utyo | D11: 9 | E11: 60000 | F11: 3 | G11: 40 | I11: 40 | K11: =G11*100 -> 4000 | L11: =I11*300 -> 12000 | M11: 20 | O11: 40 | Q11: =M11*100 -> 2000 | R11: =O11*300 -> 12000 | S11: 40 | U11: 35 | V11: =S11*100 -> 4000 | X11: =U11*300 -> 10500 | Y11: 45 | AA11: 30 | AC11: =Y11*100 -> 4500 | AD11: =AA11*300 -> 9000
A12: 9 | B12: Anitha GATESI | C12: Abagarukanarumuri | D12: 4 | E12: 30000 | F12: 2 | G12: 0 | I12: 60 | K12: =G12*100 -> 0 | L12: =I12*300 -> 18000 | M12: 10 | O12: 40 | Q12: =M12*100 -> 1000 | R12: =O12*300 -> 12000 | S12: 0 | U12: 40 | V12: =S12*100 -> 0 | X12: =U12*300 -> 12000 | Y12: 15 | AA12: 37 | AC12: =Y12*100 -> 1500 | AD12: =AA12*300 -> 11100
A13: 10 | B13: Athanasie MUKAGASHUGI | C13: Twisungane | D13: 6 | E13: 60000 | F13: 3 | G13: 20 | I13: 50 | K13: =G13*100 -> 2000 | L13: =I13*300 -> 15000 | M13: 20 | O13: 38 | Q13: =M13*100 -> 2000 | R13: =O13*300 -> 11400 | S13: 26 | U13: 35 | V13: =S13*100 -> 2600 | X13: =U13*300 -> 10500 | Y13: 15 | AA13: 38 | AC13: =Y13*100 -> 1500 | AD13: =AA13*300 -> 11400
A14: 11 | B14: Augustin NGIRABATWARE | C14: Ruganeheza | D14: 4 | E14: 30000 | F14: 2 | G14: 80 | I14: 0 | K14: =G14*100 -> 8000 | L14: =I14*300 -> 0 | M14: 55 | O14: 10 | Q14: =M14*100 -> 5500 | R14: =O14*300 -> 3000 | S14: 35 | U14: 15 | V14: =S14*100 -> 3500 | X14: =U14*300 -> 4500 | Y14: 25 | AA14: 22 | AC14: =Y14*100 -> 2500 | AD14: =AA14*300 -> 6600
A15: 12 | B15: Beatrice MUHORAKEYE | C15: Ruganeheza | D15: 6 | E15: 55000 | F15: 3 | G15: 20 | I15: 40 | K15: =G15*100 -> 2000 | L15: =I15*300 -> 12000 | M15: 20 | O15: 35 | Q15: =M15*100 -> 2000 | R15: =O15*300 -> 10500 | S15: 10 | U15: 30 | V15: =S15*100 -> 1000 | X15: =U15*300 -> 9000 | Y15: 10 | AA15: 25 | AC15: =Y15*100 -> 1000 | AD15: =AA15*300 -> 7500
... A103: 100 | B103: Yvonne UWIMANA | C103: Itorero | D103: 6 | E103: 30000 | F103: 2 | G103: 40 | I103: 0 | K103: =G103*100 -> 4000 | L103: =I103*300 -> 0 | M103: 40 | O103: 10 | Q103: =M103*100 -> 4000 | R103: =O103*300 -> 3000 | S103: 38 | U103: 10 | V103: =S103*100 -> 3800 | X103: =U103*300 -> 3000 | Y103: 28 | AA103: 13 | AC103: =Y103*100 -> 2800 | AD103: =AA103*300 -> 3900
D104: =SUM(D4:D103) -> 623 | E104: =SUM(E4:E103) -> 4060000 | G104: =SUM(G4:G103) -> 3840 | I104: =SUM(I4:I103) -> 1265 | K104: =SUM(K4:K103) -> 384000 | L104: =SUM(L4:L103) -> 379500 | M104: =SUM(M4:M103) -> 3307 | O104: =SUM(O4:O103) -> 1000 | Q104: =SUM(Q4:Q103) -> 330700 | R104: =SUM(R4:R103) -> 300000 | S104: =SUM(S4:S103) -> 3791 | U104: =SUM(U4:U103) -> 847 | V104: =SUM(V4:V103) -> 379100 | X104: =SUM(X4:X103) -> 254100 | Y104: =SUM(Y4:Y103) -> 3384 | AA104: =SUM(AA4:AA103) -> 1249 | AC104: =SUM(AC4:AC103) -> 338400 | AD104: =SUM(AD4:AD103) -> 374700
Y106: Notes:It is raining a lot now everyone is running out of firewood and using
B107: Summary: Cookstoves project is serving 623 persons in 100 households. | M107: Notes: There is a decrease of firewood and charcoal in July because | Y107: charcaol that why the quantity of used charcoal is increased comparing
B108: They earns 4,060,000 per month and spend 384,000 on firewood | M108: in summer period they use also dry banana leaves and cornstalk | Y108: with August.
B109: and 379,500 on charcoal. | M109: and also based on lockdown people didn't cook three times as usual
B110: They buy 3,840 kilos of firewood and 1,265 kilos of charcoal per month. | M110: they hadn't enough food to cook as they can't work to get daily money
B111: 1 Package of firewood which weighting 20 kilos cost 2,000Rwf means one kilos is 100Rwf. | M111: It shifted from 3,840 kilos of 384,000 Rwf to 3,307 kilos of 330,700 Rwf
B112: 1 Bag of charchoal which is wieghting 40 kilos cost 12,000Rwf means one kilos cost 300Rwf. | M112: the different is 533 in kilos of 53,700 Rwf for firewood.
M113: It shifted also from 1,265 kilos of 379,500 Rwf to 1,000 kilos of 300,000 Rwf
M114: the difference is 265 in kilos of 79,500 Rwf for Charcoal.

Sheet October to Jan, 2021 2022
H1: 2021 | AE1: 2022
G2: October | O2: November | W2: December | AE2: January
B3: Member | C3: Coop name | D3: Number of people in the household | E3: Monthly household income | F3: Number of meals per person per day | G3: Firewood consumption foraged (kg/month) | H3: Firewood consumption bought(kg/month) | I3: Charcoal consumption (kg/month) | J3: Pellets consumption (Kg/month | K3: Cost of firewood in-kind (RWF/month) | L3: Cost of firewood spent (RWF/month) | M3: Cost of charcoal (RWF/month) | N3: Cost of Pellets (RWF/month) | O3: Firewood consumption foraged (kg/month) | P3: Firewood consumption bought(kg/month) | Q3: Charcoal consumption (kg/month) | R3: Pellets Consumption (Kg/month | S3: Cost of firewood in-kind (RWF/month) | T3: Cost of firewood spent (RWF/month) | U3: Cost of charcoal (RWF/month) | V3: Cost of Pellets (RWF/month) | W3: Firewood consumption foraged (kg/month) | X3: Firewood consumption bought(kg/month) | Y3: Charcoal consumption (kg/month) | Z3: Pellets consumption (Kg/month | AA3: Cost of firewood in-kind (RWF/month) | AB3: Cost of firewood spent (RWF/month) | AC3: Cost of charcoal (RWF/month) | AD3: Cost of Pellets (RWF/month) | AE3: Firewood consumption foraged (kg/month) | AF3: Firewood consumption bought(kg/month) | AG3: Charcoal consumption (kg/month) | AH3: Pellets consumption (Kg/month | AI3: Cost of firewood in-kind (RWF/month) | AJ3: Cost of firewood spent (RWF/month) | AK3: Cost of charcoal (RWF/month) | AL3: Cost of Pellets (RWF/month)
A4: 1 | B4: Agnes MUSABYEYEZU | H4: 42 | I4: 0 | J4: 6 | L4: =H4*100 -> 4200 | M4: =I4*300 -> 0 | N4: =J4*300 -> 1800 | O4: 55 | Q4: 0 | R4: 0 | T4: =O4*100 -> 5500 | U4: =Q4*300 -> 0 | V4: =R4*300 -> 0 | W4: 60 | Y4: 0 | Z4: 5 | AB4: =W4*100 -> 6000 | AC4: =Y4*300 -> 0 | AD4: =Z4*300 -> 1500 | AE4: 50 | AG4: 0 | AH4: 10 | AJ4: =AE4*100 -> 5000 | AK4: =AG4*300 -> 0 | AL4: =AH4*300 -> 3000
A5: 2 | B5: Alice MUKAMISHA | H5: 25 | I5: 0 | J5: 10 | L5: =H5*100 -> 2500 | M5: =I5*300 -> 0 | N5: =J5*300 -> 3000 | O5: 30 | Q5: 0 | R5: 5 | T5: =O5*100 -> 3000 | U5: =Q5*300 -> 0 | V5: =R5*300 -> 1500 | W5: 35 | Y5: 0 | Z5: 5 | AB5: =W5*100 -> 3500 | AC5: =Y5*300 -> 0 | AD5: =Z5*300 -> 1500 | AE5: 30 | AG5: 0 | AH5: 5 | AJ5: =AE5*100 -> 3000 | AK5: =AG5*300 -> 0 | AL5: =AH5*300 -> 1500
A6: 3 | B6: Alphonsine MUKARUGINA | H6: 50 | I6: 0 | J6: 20 | L6: =H6*100 -> 5000 | M6: =I6*300 -> 0 | N6: =J6*300 -> 6000 | O6: 60 | Q6: 0 | R6: 10 | T6: =O6*100 -> 6000 | U6: =Q6*300 -> 0 | V6: =R6*300 -> 3000 | W6: 55 | Y6: 0 | Z6: 15 | AB6: =W6*100 -> 5500 | AC6: =Y6*300 -> 0 | AD6: =Z6*300 -> 4500 | AE6: 30 | AG6: 0 | AH6: 5 | AJ6: =AE6*100 -> 3000 | AK6: =AG6*300 -> 0 | AL6: =AH6*300 -> 1500
A7: 4 | B7: Anathalia MUKANKUSI | H7: 10 | I7: 0 | J7: 10 | L7: =H7*100 -> 1000 | M7: =I7*300 -> 0 | N7: =J7*300 -> 3000 | O7: 35 | Q7: 0 | R7: 0 | T7: =O7*100 -> 3500 | U7: =Q7*300 -> 0 | V7: =R7*300 -> 0 | W7: 30 | Y7: 0 | Z7: 11 | AB7: =W7*100 -> 3000 | AC7: =Y7*300 -> 0 | AD7: =Z7*300 -> 3300 | AE7: 38 | AG7: 0 | AH7: 10 | AJ7: =AE7*100 -> 3800 | AK7: =AG7*300 -> 0 | AL7: =AH7*300 -> 3000
A8: 5 | B8: Angelique BYUKUSENGE | H8: 45 | I8: 0 | J8: 20 | L8: =H8*100 -> 4500 | M8: =I8*300 -> 0 | N8: =J8*300 -> 6000 | O8: 40 | Q8: 0 | R8: 10 | T8: =O8*100 -> 4000 | U8: =Q8*300 -> 0 | V8: =R8*300 -> 3000 | W8: 42 | Y8: 0 | Z8: 13 | AB8: =W8*100 -> 4200 | AC8: =Y8*300 -> 0 | AD8: =Z8*300 -> 3900 | AE8: 45 | AG8: 0 | AH8: 15 | AJ8: =AE8*100 -> 4500 | AK8: =AG8*300 -> 0 | AL8: =AH8*300 -> 4500
A9: 6 | B9: Angelique MUHAWENIMANA | H9: 20 | I9: 0 | J9: 10 | L9: =H9*100 -> 2000 | M9: =I9*300 -> 0 | N9: =J9*300 -> 3000 | O9: 40 | Q9: 0 | R9: 0 | T9: =O9*100 -> 4000 | U9: =Q9*300 -> 0 | V9: =R9*300 -> 0 | W9: 30 | Y9: 0 | Z9: 10 | AB9: =W9*100 -> 3000 | AC9: =Y9*300 -> 0 | AD9: =Z9*300 -> 3000 | AE9: 35 | AG9: 0 | AH9: 12.5 | AJ9: =AE9*100 -> 3500 | AK9: =AG9*300 -> 0 | AL9: =AH9*300 -> 3750
A10: 7 | B10: Angelique MUKANDORI | H10: 51 | I10: 0 | J10: 20 | L10: =H10*100 -> 5100 | M10: =I10*300 -> 0 | N10: =J10*300 -> 6000 | O10: 45 | Q10: 0 | R10: 20 | T10: =O10*100 -> 4500 | U10: =Q10*300 -> 0 | V10: =R10*300 -> 6000 | W10: 50 | Y10: 0 | Z10: 18 | AB10: =W10*100 -> 5000 | AC10: =Y10*300 -> 0 | AD10: =Z10*300 -> 5400 | AE10: 47 | AG10: 0 | AH10: 15 | AJ10: =AE10*100 -> 4700 | AK10: =AG10*300 -> 0 | AL10: =AH10*300 -> 4500
A11: 8 | B11: Angelique NYIRANEZA | H11: 45 | I11: 0 | J11: 10 | L11: =H11*100 -> 4500 | M11: =I11*300 -> 0 | N11: =J11*300 -> 3000 | O11: 60 | Q11: 0 | R11: 10 | T11: =O11*100 -> 6000 | U11: =Q11*300 -> 0 | V11: =R11*300 -> 3000 | W11: 40 | Y11: 0 | Z11: 10 | AB11: =W11*100 -> 4000 | AC11: =Y11*300 -> 0 | AD11: =Z11*300 -> 3000 | AE11: 55 | AG11: 0 | AH11: 20 | AJ11: =AE11*100 -> 5500 | AK11: =AG11*300 -> 0 | AL11: =AH11*300 -> 6000
A12: 9 | B12: Anitha GATESI | H12: 15 | I12: 0 | J12: 10 | L12: =H12*100 -> 1500 | M12: =I12*300 -> 0 | N12: =J12*300 -> 3000 | O12: 20 | Q12: 0 | R12: 5 | T12: =O12*100 -> 2000 | U12: =Q12*300 -> 0 | V12: =R12*300 -> 1500 | W12: 25 | Y12: 0 | Z12: 5 | AB12: =W12*100 -> 2500 | AC12: =Y12*300 -> 0 | AD12: =Z12*300 -> 1500 | AE12: 30 | AG12: 0 | AH12: 10 | AJ12: =AE12*100 -> 3000 | AK12: 0 | AL12: =AH12*300 -> 3000
A13: 10 | B13: Athanasie MUKAGASHUGI | H13: 24 | I13: 0 | J13: 20 | L13: =H13*100 -> 2400 | M13: =I13*300 -> 0 | N13: =J13*300 -> 6000 | O13: 30 | Q13: 0 | R13: 8 | T13: =O13*100 -> 3000 | U13: =Q13*300 -> 0 | V13: =R13*300 -> 2400 | W13: 20 | Y13: 0 | Z13: 0 | AB13: =W13*100 -> 2000 | AC13: =Y13*300 -> 0 | AD13: =Z13*300 -> 0 | AE13: 25 | AG13: 0 | AH13: 10 | AJ13: =AE13*100 -> 2500 | AK13: =AG13*300 -> 0 | AL13: =AH13*300 -> 3000
A14: 11 | B14: Augustin NGIRABATWARE | H14: 68 | I14: 0 | J14: 0 | L14: =H14*100 -> 6800 | M14: =I14*300 -> 0 | N14: =J14*300 -> 0 | O14: 60 | Q14: 0 | R14: 0 | T14: =O14*100 -> 6000 | U14: =Q14*300 -> 0 | V14: =R14*300 -> 0 | W14: 65 | Y14: 0 | Z14: 15 | AB14: =W14*100 -> 6500 | AC14: =Y14*300 -> 0 | AD14: =Z14*300 -> 4500 | AE14: 55 | AG14: 0 | AH14: 5 | AJ14: =AE14*100 -> 5500 | AK14: =AG14*300 -> 0 | AL14: =AH14*300 -> 1500
A15: 12 | B15: Beatrice MUHORAKEYE | H15: 25 | I15: 10 | J15: 10 | L15: =H15*100 -> 2500 | M15: =I15*300 -> 3000 | N15: =J15*300 -> 3000 | O15: 15 | Q15: 0 | R15: 20 | T15: =O15*100 -> 1500 | U15: =Q15*300 -> 0 | V15: =R15*300 -> 6000 | W15: 20 | Y15: 0 | Z15: 5 | AB15: =W15*100 -> 2000 | AC15: =Y15*300 -> 0 | AD15: =Z15*300 -> 1500 | AE15: 25 | AG15: 0 | AH15: 20 | AJ15: =AE15*100 -> 2500 | AK15: =AG15*300 -> 0 | AL15: =AH15*300 -> 6000
A16: 13 | B16: Bellancile NYIRANEZA | H16: 30 | I16: 0 | J16: 20 | L16: =H16*100 -> 3000 | M16: =I16*300 -> 0 | N16: =J16*300 -> 6000 | O16: 35 | Q16: 0 | R16: 10 | T16: =O16*100 -> 3500 | U16: =Q16*300 -> 0 | V16: =R16*300 -> 3000 | W16: 38 | Y16: 0 | Z16: 10 | AB16: =W16*100 -> 3800 | AC16: =Y16*300 -> 0 | AD16: =Z16*300 -> 3000 | AE16: 30 | AG16: 0 | AH16: 20 | AJ16: =AE16*100 -> 3000 | AK16: =AG16*300 -> 0 | AL16: =AH16*300 -> 6000
A17: 14 | B17: Chantal MUKAGAHIGI | H17: 20 | I17: 15 | J17: 0 | L17: =H17*100 -> 2000 | M17: =I17*300 -> 4500 | N17: =J17*300 -> 0 | O17: 35 | Q17: 0 | R17: 10 | T17: =O17*100 -> 3500 | U17: =Q17*300 -> 0 | V17: =R17*300 -> 3000 | W17: 30 | Y17: 0 | Z17: 5 | AB17: =W17*100 -> 3000 | AC17: =Y17*300 -> 0 | AD17: =Z17*300 -> 1500 | AE17: 32 | AG17: 0 | AH17: 8 | AJ17: =AE17*100 -> 3200 | AK17: =AG17*300 -> 0 | AL17: =AH17*300 -> 2400
A18: 15 | B18: Chantal MUKAGIHANA | H18: 10 | I18: 0 | J18: 20 | L18: =H18*100 -> 1000 | M18: =I18*300 -> 0 | N18: =J18*300 -> 6000 | O18: 48 | Q18: 0 | R18: 8 | T18: =O18*100 -> 4800 | U18: =Q18*300 -> 0 | V18: =R18*300 -> 2400 | W18: 35 | Y18: 0 | Z18: 15 | AB18: =W18*100 -> 3500 | AC18: =Y18*300 -> 0 | AD18: =Z18*300 -> 4500 | AE18: 40 | AG18: 0 | AH18: 10 | AJ18: =AE18*100 -> 4000 | AK18: =AG18*300 -> 0 | AL18: =AH18*300 -> 3000
A19: 16 | B19: Charles BAGIRUBWIRA | H19: 45 | I19: 0 | J19: 25 | L19: =H19*100 -> 4500 | M19: =I19*300 -> 0 | N19: =J19*300 -> 7500 | O19: 45 | Q19: 0 | R19: 20 | T19: =O19*100 -> 4500 | U19: =Q19*300 -> 0 | V19: =R19*300 -> 6000 | W19: 48 | Y19: 0 | Z19: 20 | AB19: =W19*100 -> 4800 | AC19: =Y19*300 -> 0 | AD19: =Z19*300 -> 6000 | AE19: 40 | AG19: 0 | AH19: 15 | AJ19: =AE19*100 -> 4000 | AK19: =AG19*300 -> 0 | AL19: =AH19*300 -> 4500
A20: 17 | B20: Charlotte MUKAKAMANDA | H20: 10 | I20: 0 | J20: 10 | L20: =H20*100 -> 1000 | M20: =I20*300 -> 0 | N20: =J20*300 -> 3000 | O20: 40 | Q20: 0 | R20: 0 | T20: =O20*100 -> 4000 | U20: =Q20*300 -> 0 | V20: =R20*300 -> 0 | W20: 20 | Y20: 0 | Z20: 0 | AB20: =W20*100 -> 2000 | AC20: =Y20*300 -> 0 | AD20: =Z20*300 -> 0 | AE20: 35 | AG20: 0 | AH20: 0 | AJ20: =AE20*100 -> 3500 | AK20: =AG20*300 -> 0 | AL20: =AH20*300 -> 0
A21: 18 | B21: Christine NYIRAHABIMANA | H21: 30 | I21: 10 | J21: 0 | L21: =H21*100 -> 3000 | M21: =I21*300 -> 3000 | N21: =J21*300 -> 0 | O21: 30 | Q21: 0 | R21: 10 | T21: =O21*100 -> 3000 | U21: =Q21*300 -> 0 | V21: =R21*300 -> 3000 | W21: 40 | Y21: 0 | Z21: 5 | AB21: =W21*100 -> 4000 | AC21: =Y21*300 -> 0 | AD21: =Z21*300 -> 1500 | AE21: 38 | AG21: 0 | AH21: 10 | AJ21: =AE21*100 -> 3800 | AK21: =AG21*300 -> 0 | AL21: =AH21*300 -> 3000
A22: 19 | B22: Claire ZANINKA | H22: 35 | I22: 0 | J22: 5 | L22: =H22*100 -> 3500 | M22: =I22*300 -> 0 | N22: =J22*300 -> 1500 | O22: 35 | Q22: 0 | R22: 10 | T22: =O22*100 -> 3500 | U22: =Q22*300 -> 0 | V22: =R22*300 -> 3000 | W22: 45 | Y22: 0 | Z22: 15 | AB22: =W22*100 -> 4500 | AC22: =Y22*300 -> 0 | AD22: =Z22*300 -> 4500 | AE22: 42 | AG22: 0 | AH22: 15 | AJ22: =AE22*100 -> 4200 | AK22: =AG22*300 -> 0 | AL22: =AH22*300 -> 4500
A23: 20 | B23: Clarisse MUSABEMWESE | H23: 50 | I23: 0 | J23: 5 | L23: =H23*100 -> 5000 | M23: =I23*300 -> 0 | N23: =J23*300 -> 1500 | O23: 50 | Q23: 0 | R23: 0 | T23: =O23*100 -> 5000 | U23: =Q23*300 -> 0 | V23: =R23*300 -> 0 | W23: 55 | Y23: 0 | Z23: 8 | AB23: =W23*100 -> 5500 | AC23: =Y23*300 -> 0 | AD23: =Z23*300 -> 2400 | AE23: 47 | AG23: 0 | AH23: 10 | AJ23: =AE23*100 -> 4700 | AK23: =AG23*300 -> 0 | AL23: =AH23*300 -> 3000
A24: 21 | B24: Claudine MUHAWENIMANA | H24: 20 | I24: 0 | J24: 10 | L24: =H24*100 -> 2000 | M24: =I24*300 -> 0 | N24: =J24*300 -> 3000 | O24: 20 | Q24: 0 | R24: 15 | T24: =O24*100 -> 2000 | U24: =Q24*300 -> 0 | V24: =R24*300 -> 4500 | W24: 35 | Y24: 0 | Z24: 5 | AB24: =W24*100 -> 3500 | AC24: =Y24*300 -> 0 | AD24: =Z24*300 -> 1500 | AE24: 30 | AG24: 0 | AH24: 12 | AJ24: =AE24*100 -> 3000 | AK24: =AG24*300 -> 0 | AL24: =AH24*300 -> 3600
... A103: 100 | B103: Yvonne UWIMANA | H103: 10 | I103: 0 | J103: 5 | L103: =H103*100 -> 1000 | M103: =I103*300 -> 0 | N103: =J103*300 -> 1500 | O103: 10 | Q103: 0 | R103: 5 | T103: =O103*100 -> 1000 | U103: =Q103*300 -> 0 | V103: =R103*300 -> 1500 | W103: 15 | Y103: 0 | Z103: 10 | AB103: =W103*100 -> 1500 | AC103: =Y103*300 -> 0 | AD103: =Z103*300 -> 3000 | AE103: 20 | AG103: 0 | AH103: 14 | AJ103: =AE103*100 -> 2000 | AK103: =AG103*300 -> 0 | AL103: =AH103*300 -> 4200
B104: Total | H104: =SUM(H4:H103) -> 3486 | I104: =SUM(I4:I103) -> 125 | J104: =SUM(J4:J103) -> 1088 | L104: =SUM(L4:L103) -> 348600 | M104: =SUM(M4:M103) -> 37500 | N104: =SUM(N4:N103) -> 326400 | O104: =SUM(O4:O103) -> 2743 | Q104: =SUM(Q4:Q103) -> 0 | R104: =SUM(R4:R103) -> 1174 | T104: =SUM(T4:T103) -> 274300 | U104: =SUM(U4:U103) -> 0 | V104: =SUM(V4:V103) -> 352200 | W104: =SUM(W4:W103) -> 3433 | Y104: =SUM(Y4:Y103) -> 0 | Z104: =SUM(Z4:Z103) -> 1167 | AB104: =SUM(AB4:AB103) -> 343300 | AC104: =SUM(AC4:AC103) -> 0 | AD104: =SUM(AD4:AD103) -> 350100 | AE104: =SUM(AE4:AE103) -> 3286 | AG104: =SUM(AG4:AG103) -> 280 | AH104: =SUM(AH4:AH103) -> 1325.5 | AJ104: =SUM(AJ4:AJ103) -> 328600 | AK104: =SUM(AK4:AK103) -> 84000 | AL104: =SUM(AL4:AL103) -> 397650

Sheet Feb to July, 2022
G1: 2022
G2: February | O2: March | W2: April | AE2: May | AM2: June | AU2: JULY
B3: Member | C3: Coop name | D3: Number of people in the household | E3: Monthly household income | F3: Number of meals per person per day | G3: Firewood consumption foraged (kg/month) | H3: Firewood consumption bought(kg/month) | I3: Charcoal consumption (kg/month) | J3: Pellets consumption (Kg/month | K3: Cost of firewood in-kind (RWF/month) | L3: Cost of firewood spent (RWF/month) | M3: Cost of charcoal (RWF/month) | N3: Cost of Pellets (RWF/month) | O3: Firewood consumption foraged (kg/month) | P3: Firewood consumption bought(kg/month) | Q3: Charcoal consumption (kg/month) | R3: Pellets Consumption (Kg/month | S3: Cost of firewood in-kind (RWF/month) | T3: Cost of firewood spent (RWF/month) | U3: Cost of charcoal (RWF/month) | V3: Cost of Pellets (RWF/month) | W3: Firewood consumption foraged (kg/month) | X3: Firewood consumption bought(kg/month) | Y3: Charcoal consumption (kg/month) | Z3: Pellets consumption (Kg/month | AA3: Cost of firewood in-kind (RWF/month) | AB3: Cost of firewood spent (RWF/month) | AC3: Cost of charcoal (RWF/month) | AD3: Cost of Pellets (RWF/month) | AE3: Firewood consumption foraged (kg/month) | AF3: Firewood consumption bought(kg/month) | AG3: Charcoal consumption (kg/month) | AH3: Pellets consumption (Kg/month | AI3: Cost of firewood in-kind (RWF/month) | AJ3: Cost of firewood spent (RWF/month) | AK3: Cost of charcoal (RWF/month) | AL3: Cost of Pellets (RWF/month) | AM3: Firewood consumption foraged (kg/month) | AN3: Firewood consumption bought(kg/month) | AO3: Charcoal consumption (kg/month) | AP3: Pellets consumption (Kg/month | AQ3: Cost of firewood in-kind (RWF/month) | AR3: Cost of firewood spent (RWF/month) | AS3: Cost of charcoal (RWF/month) | AT3: Cost of Pellets (RWF/month) | AU3: Firewood consumption foraged (kg/month) | AV3: Firewood consumption bought(kg/month) | AW3: Charcoal consumption (kg/month) | AX3: Pellets consumption (Kg/month | AY3: Cost of firewood in-kind (RWF/month) | AZ3: Cost of firewood spent (RWF/month) | BA3: Cost of charcoal (RWF/month) | BB3: Cost of Pellets (RWF/month)
A4: 1 | B4: Agnes MUSABYEYEZU | G4: 44 | I4: 0 | J4: 15 | K4: =G4*100 -> 4400 | M4: =I4*300 -> 0 | N4: =J4*300 -> 4500 | O4: 40 | Q4: 0 | R4: 10 | S4: =O4*100 -> 4000 | U4: =Q4*300 -> 0 | V4: =R4*300 -> 3000 | W4: 40 | Y4: 0 | Z4: 10 | AA4: =W4*100 -> 4000 | AC4: =Y4*300 -> 0 | AD4: =Z4*300 -> 3000 | AE4: 55 | AF4: 0 | AG4: 0 | AH4: 6 | AI4: =AE4*100 -> 5500 | AJ4: =AF4*100 -> 0 | AK4: =AG4*300 -> 0 | AL4: =AH4*300 -> 1800 | AM4: 56 | AN4: 0 | AO4: 0 | AP4: 9 | AQ4: =AM4*100 -> 5600 | AR4: =AN4*100 -> 0 | AS4: =AO4*300 -> 0 | AT4: =AP4*300 -> 2700 | AU4: 46 | AV4: 0 | AW4: 0 | AX4: 19 | AY4: =AU4*100 -> 4600 | AZ4: =AV4*100 -> 0 | BA4: =AW4*300 -> 0 | BB4: =AX4*300 -> 5700
A5: 2 | B5: Alice MUKAMISHA | G5: 42 | I5: 0 | J5: 10 | K5: =G5*100 -> 4200 | M5: =I5*300 -> 0 | N5: =J5*300 -> 3000 | O5: 40 | Q5: 0 | R5: 10 | S5: =O5*100 -> 4000 | U5: =Q5*300 -> 0 | V5: =R5*300 -> 3000 | W5: 45 | Y5: 0 | Z5: 8 | AA5: =W5*100 -> 4500 | AC5: =Y5*300 -> 0 | AD5: =Z5*300 -> 2400 | AE5: 40 | AF5: 0 | AG5: 0 | AH5: 10 | AI5: =AE5*100 -> 4000 | AJ5: =AF5*100 -> 0 | AK5: =AG5*300 -> 0 | AL5: =AH5*300 -> 3000 | AM5: 42 | AN5: 0 | AO5: 0 | AP5: 12 | AQ5: =AM5*100 -> 4200 | AR5: =AN5*100 -> 0 | AS5: =AO5*300 -> 0 | AT5: =AP5*300 -> 3600 | AU5: 52 | AV5: 0 | AW5: 0 | AX5: 6 | AY5: =AU5*100 -> 5200 | AZ5: =AV5*100 -> 0 | BA5: =AW5*300 -> 0 | BB5: =AX5*300 -> 1800
A6: 3 | B6: Alphonsine MUKARUGINA | G6: 32 | I6: 0 | J6: 5 | K6: =G6*100 -> 3200 | M6: =I6*300 -> 0 | N6: =J6*300 -> 1500 | O6: 35 | Q6: 0 | R6: 5 | S6: =O6*100 -> 3500 | U6: =Q6*300 -> 0 | V6: =R6*300 -> 1500 | W6: 35 | Y6: 0 | Z6: 10 | AA6: =W6*100 -> 3500 | AC6: =Y6*300 -> 0 | AD6: =Z6*300 -> 3000 | AE6: 37 | AF6: 0 | AG6: 0 | AH6: 15 | AI6: =AE6*100 -> 3700 | AJ6: =AF6*100 -> 0 | AK6: =AG6*300 -> 0 | AL6: =AH6*300 -> 4500 | AM6: 30 | AN6: 0 | AO6: 0 | AP6: 17 | AQ6: =AM6*100 -> 3000 | AR6: =AN6*100 -> 0 | AS6: =AO6*300 -> 0 | AT6: =AP6*300 -> 5100 | AU6: 40 | AV6: 0 | AW6: 0 | AX6: 20 | AY6: =AU6*100 -> 4000 | AZ6: =AV6*100 -> 0 | BA6: =AW6*300 -> 0 | BB6: =AX6*300 -> 6000
A7: 4 | B7: Anathalia MUKANKUSI | G7: 35 | I7: 0 | J7: 10 | K7: =G7*100 -> 3500 | M7: =I7*300 -> 0 | N7: =J7*300 -> 3000 | O7: 30 | Q7: 0 | R7: 10 | S7: =O7*100 -> 3000 | U7: =Q7*300 -> 0 | V7: =R7*300 -> 3000 | W7: 30 | Y7: 0 | Z7: 10 | AA7: =W7*100 -> 3000 | AC7: =Y7*300 -> 0 | AD7: =Z7*300 -> 3000 | AE7: 35 | AF7: 0 | AG7: 0 | AH7: 12 | AI7: =AE7*100 -> 3500 | AJ7: =AF7*100 -> 0 | AK7: =AG7*300 -> 0 | AL7: =AH7*300 -> 3600 | AM7: 32 | AN7: 0 | AO7: 0 | AP7: 14 | AQ7: =AM7*100 -> 3200 | AR7: =AN7*100 -> 0 | AS7: =AO7*300 -> 0 | AT7: =AP7*300 -> 4200 | AU7: 42 | AV7: 0 | AW7: 0 | AX7: 8 | AY7: =AU7*100 -> 4200 | AZ7: =AV7*100 -> 0 | BA7: =AW7*300 -> 0 | BB7: =AX7*300 -> 2400
A8: 5 | B8: Angelique BYUKUSENGE | G8: 45 | I8: 0 | J8: 10 | K8: =G8*100 -> 4500 | M8: =I8*300 -> 0 | N8: =J8*300 -> 3000 | O8: 42 | Q8: 0 | R8: 5 | S8: =O8*100 -> 4200 | U8: =Q8*300 -> 0 | V8: =R8*300 -> 1500 | W8: 50 | Y8: 0 | Z8: 3 | AA8: =W8*100 -> 5000 | AC8: =Y8*300 -> 0 | AD8: =Z8*300 -> 900 | AE8: 45 | AF8: 0 | AG8: 0 | AH8: 5 | AI8: =AE8*100 -> 4500 | AJ8: =AF8*100 -> 0 | AK8: =AG8*300 -> 0 | AL8: =AH8*300 -> 1500 | AM8: 50 | AN8: 0 | AO8: 0 | AP8: 8 | AQ8: =AM8*100 -> 5000 | AR8: =AN8*100 -> 0 | AS8: =AO8*300 -> 0 | AT8: =AP8*300 -> 2400 | AU8: 40 | AV8: 0 | AW8: 0 | AX8: 18 | AY8: =AU8*100 -> 4000 | AZ8: =AV8*100 -> 0 | BA8: =AW8*300 -> 0 | BB8: =AX8*300 -> 5400
A9: 6 | B9: Angelique MUHAWENIMANA | G9: 37 | I9: 0 | J9: 10 | K9: =G9*100 -> 3700 | M9: =I9*300 -> 0 | N9: =J9*300 -> 3000 | O9: 30 | Q9: 0 | R9: 5 | S9: =O9*100 -> 3000 | U9: =Q9*300 -> 0 | V9: =R9*300 -> 1500 | W9: 30 | Y9: 0 | Z9: 5 | AA9: =W9*100 -> 3000 | AC9: =Y9*300 -> 0 | AD9: =Z9*300 -> 1500 | AE9: 42 | AF9: 0 | AG9: 0 | AH9: 8 | AI9: =AE9*100 -> 4200 | AJ9: =AF9*100 -> 0 | AK9: =AG9*300 -> 0 | AL9: =AH9*300 -> 2400 | AM9: 45 | AN9: 0 | AO9: 0 | AP9: 5 | AQ9: =AM9*100 -> 4500 | AR9: =AN9*100 -> 0 | AS9: =AO9*300 -> 0 | AT9: =AP9*300 -> 1500 | AU9: 35 | AV9: 0 | AW9: 0 | AX9: 15 | AY9: =AU9*100 -> 3500 | AZ9: =AV9*100 -> 0 | BA9: =AW9*300 -> 0 | BB9: =AX9*300 -> 4500
A10: 7 | B10: Angelique MUKANDORI | G10: 45 | I10: 0 | J10: 15 | K10: =G10*100 -> 4500 | M10: =I10*300 -> 0 | N10: =J10*300 -> 4500 | O10: 45 | Q10: 0 | R10: 15 | S10: =O10*100 -> 4500 | U10: =Q10*300 -> 0 | V10: =R10*300 -> 4500 | W10: 45 | Y10: 0 | Z10: 10 | AA10: =W10*100 -> 4500 | AC10: =Y10*300 -> 0 | AD10: =Z10*300 -> 3000 | AE10: 55 | AF10: 0 | AG10: 0 | AH10: 15 | AI10: =AE10*100 -> 5500 | AJ10: =AF10*100 -> 0 | AK10: =AG10*300 -> 0 | AL10: =AH10*300 -> 4500 | AM10: 55 | AN10: 0 | AO10: 0 | AP10: 15 | AQ10: =AM10*100 -> 5500 | AR10: =AN10*100 -> 0 | AS10: =AO10*300 -> 0 | AT10: =AP10*300 -> 4500 | AU10: 50 | AV10: 0 | AW10: 0 | AX10: 20 | AY10: =AU10*100 -> 5000 | AZ10: =AV10*100 -> 0 | BA10: =AW10*300 -> 0 | BB10: =AX10*300 -> 6000
A11: 8 | B11: Angelique NYIRANEZA | G11: 50 | I11: 0 | J11: 20 | K11: =G11*100 -> 5000 | M11: =I11*300 -> 0 | N11: =J11*300 -> 6000 | O11: 55 | Q11: 0 | R11: 15 | S11: =O11*100 -> 5500 | U11: =Q11*300 -> 0 | V11: =R11*300 -> 4500 | W11: 50 | Y11: 0 | Z11: 15 | AA11: =W11*100 -> 5000 | AC11: =Y11*300 -> 0 | AD11: =Z11*300 -> 4500 | AE11: 50 | AF11: 0 | AG11: 0 | AH11: 10 | AI11: =AE11*100 -> 5000 | AJ11: =AF11*100 -> 0 | AK11: =AG11*300 -> 0 | AL11: =AH11*300 -> 3000 | AM11: 48 | AN11: 0 | AO11: 0 | AP11: 12 | AQ11: =AM11*100 -> 4800 | AR11: =AN11*100 -> 0 | AS11: =AO11*300 -> 0 | AT11: =AP11*300 -> 3600 | AU11: 50 | AV11: 0 | AW11: 0 | AX11: 15 | AY11: =AU11*100 -> 5000 | AZ11: =AV11*100 -> 0 | BA11: =AW11*300 -> 0 | BB11: =AX11*300 -> 4500
A12: 9 | B12: Anitha GATESI | G12: 36 | I12: 0 | J12: 15 | K12: =G12*100 -> 3600 | M12: =I12*300 -> 0 | N12: =J12*300 -> 4500 | O12: 30 | Q12: 0 | R12: 15 | S12: =O12*100 -> 3000 | U12: =Q12*300 -> 0 | V12: =R12*300 -> 4500 | W12: 30 | Y12: 0 | Z12: 12 | AA12: =W12*100 -> 3000 | AC12: =Y12*300 -> 0 | AD12: =Z12*300 -> 3600 | AE12: 38 | AF12: 0 | AG12: 0 | AH12: 10 | AI12: =AE12*100 -> 3800 | AJ12: =AF12*100 -> 0 | AK12: =AG12*300 -> 0 | AL12: =AH12*300 -> 3000 | AM12: 40 | AN12: 0 | AO12: 0 | AP12: 15 | AQ12: =AM12*100 -> 4000 | AR12: =AN12*100 -> 0 | AS12: =AO12*300 -> 0 | AT12: =AP12*300 -> 4500 | AU12: 40 | AV12: 0 | AW12: 0 | AX12: 15 | AY12: =AU12*100 -> 4000 | AZ12: =AV12*100 -> 0 | BA12: =AW12*300 -> 0 | BB12: =AX12*300 -> 4500
A13: 10 | B13: Athanasie MUKAGASHUGI | G13: 20 | I13: 0 | J13: 20 | K13: =G13*100 -> 2000 | M13: =I13*300 -> 0 | N13: =J13*300 -> 6000 | O13: 15 | Q13: 0 | R13: 20 | S13: =O13*100 -> 1500 | U13: =Q13*300 -> 0 | V13: =R13*300 -> 6000 | W13: 15 | Y13: 0 | Z13: 10 | AA13: =W13*100 -> 1500 | AC13: =Y13*300 -> 0 | AD13: =Z13*300 -> 3000 | AE13: 25 | AF13: 0 | AG13: 0 | AH13: 15 | AI13: =AE13*100 -> 2500 | AJ13: =AF13*100 -> 0 | AK13: =AG13*300 -> 0 | AL13: =AH13*300 -> 4500 | AM13: 28 | AN13: 0 | AO13: 0 | AP13: 18 | AQ13: =AM13*100 -> 2800 | AR13: =AN13*100 -> 0 | AS13: =AO13*300 -> 0 | AT13: =AP13*300 -> 5400 | AU13: 30 | AV13: 0 | AW13: 0 | AX13: 20 | AY13: =AU13*100 -> 3000 | AZ13: =AV13*100 -> 0 | BA13: =AW13*300 -> 0 | BB13: =AX13*300 -> 6000
A14: 11 | B14: Augustin NGIRABATWARE | G14: 45 | I14: 0 | J14: 10 | K14: =G14*100 -> 4500 | M14: =I14*300 -> 0 | N14: =J14*300 -> 3000 | O14: 50 | Q14: 0 | R14: 10 | S14: =O14*100 -> 5000 | U14: =Q14*300 -> 0 | V14: =R14*300 -> 3000 | W14: 50 | Y14: 0 | Z14: 10 | AA14: =W14*100 -> 5000 | AC14: =Y14*300 -> 0 | AD14: =Z14*300 -> 3000 | AE14: 45 | AF14: 0 | AG14: 0 | AH14: 15 | AI14: =AE14*100 -> 4500 | AJ14: =AF14*100 -> 0 | AK14: =AG14*300 -> 0 | AL14: =AH14*300 -> 4500 | AM14: 46 | AN14: 0 | AO14: 0 | AP14: 18 | AQ14: =AM14*100 -> 4600 | AR14: =AN14*100 -> 0 | AS14: =AO14*300 -> 0 | AT14: =AP14*300 -> 5400 | AU14: 48 | AV14: 0 | AW14: 0 | AX14: 20 | AY14: =AU14*100 -> 4800 | AZ14: =AV14*100 -> 0 | BA14: =AW14*300 -> 0 | BB14: =AX14*300 -> 6000
A15: 12 | B15: Beatrice MUHORAKEYE | G15: 22 | I15: 0 | J15: 15 | K15: =G15*100 -> 2200 | M15: =I15*300 -> 0 | N15: =J15*300 -> 4500 | O15: 25 | Q15: 0 | R15: 10 | S15: =O15*100 -> 2500 | U15: =Q15*300 -> 0 | V15: =R15*300 -> 3000 | W15: 25 | Y15: 0 | Z15: 10 | AA15: =W15*100 -> 2500 | AC15: =Y15*300 -> 0 | AD15: =Z15*300 -> 3000 | AE15: 0 | AF15: 40 | AG15: 0 | AH15: 20 | AI15: =AE15*100 -> 0 | AJ15: =AF15*100 -> 4000 | AK15: =AG15*300 -> 0 | AL15: =AH15*300 -> 6000 | AM15: 10 | AN15: 0 | AO15: 0 | AP15: 18 | AQ15: =AM15*100 -> 1000 | AR15: =AN15*100 -> 0 | AS15: =AO15*300 -> 0 | AT15: =AP15*300 -> 5400 | AU15: 12 | AV15: 0 | AW15: 0 | AX15: 10 | AY15: =AU15*100 -> 1200 | AZ15: =AV15*100 -> 0 | BA15: =AW15*300 -> 0 | BB15: =AX15*300 -> 3000
... A103: 100 | B103: Yvonne UWIMANA | G103: 23 | I103: 0 | J103: 14 | K103: =G103*100 -> 2300 | M103: =I103*300 -> 0 | N103: =J103*300 -> 4200 | O103: 27 | Q103: 0 | R103: 15 | S103: =O103*100 -> 2700 | U103: =Q103*300 -> 0 | V103: =R103*300 -> 4500 | W103: 27 | Y103: 0 | Z103: 8 | AA103: =W103*100 -> 2700 | AC103: =Y103*300 -> 0 | AD103: =Z103*300 -> 2400 | AE103: 25 | AF103: 0 | AG103: 0 | AH103: 15 | AI103: =AE103*100 -> 2500 | AJ103: =AF103*100 -> 0 | AK103: =AG103*300 -> 0 | AL103: =AH103*300 -> 4500 | AM103: 25 | AN103: 0 | AO103: 0 | AP103: 5 | AQ103: =AM103*100 -> 2500 | AR103: =AN103*100 -> 0 | AS103: =AO103*300 -> 0 | AT103: =AP103*300 -> 1500 | AU103: 32 | AV103: 0 | AW103: 0 | AX103: 0 | AY103: =AU103*100 -> 3200 | AZ103: =AV103*100 -> 0 | BA103: =AW103*300 -> 0 | BB103: =AX103*300 -> 0
B104: Total | G104: =SUM(G4:G103) -> 3236 | I104: 0 | J104: =SUM(J4:J103) -> 1327.5 | K104: =G104*100 -> 323600 | M104: =I104*300 -> 0 | N104: =J104*300 -> 398250 | O104: =SUM(O4:O103) -> 3129 | Q104: 0 | R104: =SUM(R4:R103) -> 1126.5 | S104: =O104*100 -> 312900 | U104: =Q104*300 -> 0 | V104: =R104*300 -> 337950 | W104: =SUM(W4:W103) -> 3222 | Y104: 0 | Z104: =SUM(Z4:Z103) -> 1056.5 | AA104: =W104*100 -> 322200 | AC104: =Y104*300 -> 0 | AD104: =Z104*300 -> 316950 | AE104: =SUM(AE4:AE103) -> 3318 | AF104: =SUM(AF4:AF103) -> 155 | AG104: 0 | AH104: =SUM(AH4:AH103) -> 1130 | AI104: =AE104*100 -> 331800 | AJ104: =AF104*100 -> 15500 | AK104: =AG104*300 -> 0 | AL104: =AH104*300 -> 339000 | AM104: =SUM(AM4:AM103) -> 3331 | AN104: =SUM(AN4:AN103) -> 159 | AO104: 0 | AP104: =SUM(AP4:AP103) -> 1164 | AQ104: =AM104*100 -> 333100 | AR104: =AN104*100 -> 15900 | AS104: =AO104*300 -> 0 | AT104: =AP104*300 -> 349200 | AU104: =SUM(AU4:AU103) -> 3341 | AV104: =SUM(AV4:AV103) -> 172 | AW104: 0 | AX104: =SUM(AX4:AX103) -> 1198 | AY104: =AU104*100 -> 334100 | AZ104: =AV104*100 -> 17200 | BA104: =AW104*300 -> 0 | BB104: =AX104*300 -> 359400

Sheet Tidy Format
A1: Member | B1: Coop Name | C1: Number of People | D1: Year | E1: Month | F1: Group | G1: Wood_kg | H1: Charcoal_kg | I1: Pellet_kg | J1: Wood_MJ | K1: Charcoal_MJ | L1: Pellet_MJ | M1: Total_MJ | N1: WoodCostA_rwf | O1: WoodCostB_rwf | P1: CharcoalCost_rwf | Q1: PelletCost_rwf
A2: Agnes MUSABYEYEZU | B2: Twiyubake Family | C2: 8 | D2: 2021 | E2: June | F2: Baseline | G2: ='Baseline (June to Sep)'!G4+'Baseline (June to Sep)'!H4 -> 40 | H2: ='Baseline (June to Sep)'!I4 -> 20 | I2: 0 | J2: =G2*Parameters!$B$2*Parameters!$B$5 -> 85.164 | K2: =H2*Parameters!$B$3*Parameters!$B$6 -> 125.416 | L2: =I2*Parameters!$B$4*Parameters!$B$7 -> 0 | M2: =SUM(J2:L2) -> 210.58 | N2: 0 | O2: 4000 | P2: 6000 | Q2: 0
A3: Alice MUKAMISHA | B3: Genda ugire utyo | C3: 7 | D3: 2021 | E3: June | F3: Baseline | G3: ='Baseline (June to Sep)'!G5+'Baseline (June to Sep)'!H5 -> 20 | H3: ='Baseline (June to Sep)'!I5 -> 40 | I3: 0 | J3: =G3*Parameters!$B$2*Parameters!$B$5 -> 42.582 | K3: =H3*Parameters!$B$3*Parameters!$B$6 -> 250.832 | L3: =I3*Parameters!$B$4*Parameters!$B$7 -> 0 | M3: =SUM(J3:L3) -> 293.414 | N3: 0 | O3: 2000 | P3: 12000 | Q3: 0
A4: Alphonsine MUKARUGINA | B4: Twisungane | C4: 10 | D4: 2021 | E4: June | F4: Baseline | G4: ='Baseline (June to Sep)'!G6+'Baseline (June to Sep)'!H6 -> 60 | H4: ='Baseline (June to Sep)'!I6 -> 30 | I4: 0 | J4: =G4*Parameters!$B$2*Parameters!$B$5 -> 127.746 | K4: =H4*Parameters!$B$3*Parameters!$B$6 -> 188.124 | L4: =I4*Parameters!$B$4*Parameters!$B$7 -> 0 | M4: =SUM(J4:L4) -> 315.87 | N4: 0 | O4: 6000 | P4: 9000 | Q4: 0
A5: Anathalia MUKANKUSI | B5: Genda ugire utyo | C5: 7 | D5: 2021 | E5: June | F5: Baseline | G5: ='Baseline (June to Sep)'!G7+'Baseline (June to Sep)'!H7 -> 20 | H5: ='Baseline (June to Sep)'!I7 -> 0 | I5: 0 | J5: =G5*Parameters!$B$2*Parameters!$B$5 -> 42.582 | K5: =H5*Parameters!$B$3*Parameters!$B$6 -> 0 | L5: =I5*Parameters!$B$4*Parameters!$B$7 -> 0 | M5: =SUM(J5:L5) -> 42.582 | N5: 0 | O5: 2000 | P5: 0 | Q5: 0
A6: Angelique BYUKUSENGE | B6: Abagarukanarumuri | C6: 4 | D6: 2021 | E6: June | F6: Baseline | G6: ='Baseline (June to Sep)'!G8+'Baseline (June to Sep)'!H8 -> 40 | H6: ='Baseline (June to Sep)'!I8 -> 0 | I6: 0 | J6: =G6*Parameters!$B$2*Parameters!$B$5 -> 85.164 | K6: =H6*Parameters!$B$3*Parameters!$B$6 -> 0 | L6: =I6*Parameters!$B$4*Parameters!$B$7 -> 0 | M6: =SUM(J6:L6) -> 85.164 | N6: 0 | O6: 4000 | P6: 0 | Q6: 0
A7: Angelique MUHAWENIMANA | B7: Icyerekezo | C7: 3 | D7: 2021 | E7: June | F7: Baseline | G7: ='Baseline (June to Sep)'!G9+'Baseline (June to Sep)'!H9 -> 20 | H7: ='Baseline (June to Sep)'!I9 -> 20 | I7: 0 | J7: =G7*Parameters!$B$2*Parameters!$B$5 -> 42.582 | K7: =H7*Parameters!$B$3*Parameters!$B$6 -> 125.416 | L7: =I7*Parameters!$B$4*Parameters!$B$7 -> 0 | M7: =SUM(J7:L7) -> 167.998 | N7: 0 | O7: 2000 | P7: 6000 | Q7: 0
A8: Angelique MUKANDORI | B8: Twisungane | C8: 6 | D8: 2021 | E8: June | F8: Baseline | G8: ='Baseline (June to Sep)'!G10+'Baseline (June to Sep)'!H10 -> 60 | H8: ='Baseline (June to Sep)'!I10 -> 40 | I8: 0 | J8: =G8*Parameters!$B$2*Parameters!$B$5 -> 127.746 | K8: =H8*Parameters!$B$3*Parameters!$B$6 -> 250.832 | L8: =I8*Parameters!$B$4*Parameters!$B$7 -> 0 | M8: =SUM(J8:L8) -> 378.578 | N8: 0 | O8: 6000 | P8: 12000 | Q8: 0
A9: Angelique NYIRANEZA | B9: Genda ugire utyo | C9: 9 | D9: 2021 | E9: June | F9: Baseline | G9: ='Baseline (June to Sep)'!G11+'Baseline (June to Sep)'!H11 -> 40 | H9: ='Baseline (June to Sep)'!I11 -> 40 | I9: 0 | J9: =G9*Parameters!$B$2*Parameters!$B$5 -> 85.164 | K9: =H9*Parameters!$B$3*Parameters!$B$6 -> 250.832 | L9: =I9*Parameters!$B$4*Parameters!$B$7 -> 0 | M9: =SUM(J9:L9) -> 335.996 | N9: 0 | O9: 4000 | P9: 12000 | Q9: 0
A10: Anitha GATESI | B10: Abagarukanarumuri | C10: 4 | D10: 2021 | E10: June | F10: Baseline | G10: ='Baseline (June to Sep)'!G12+'Baseline (June to Sep)'!H12 -> 0 | H10: ='Baseline (June to Sep)'!I12 -> 60 | I10: 0 | J10: =G10*Parameters!$B$2*Parameters!$B$5 -> 0 | K10: =H10*Parameters!$B$3*Parameters!$B$6 -> 376.248 | L10: =I10*Parameters!$B$4*Parameters!$B$7 -> 0 | M10: =SUM(J10:L10) -> 376.248 | N10: 0 | O10: 0 | P10: 18000 | Q10: 0
A11: Athanasie MUKAGASHUGI | B11: Twisungane | C11: 6 | D11: 2021 | E11: June | F11: Baseline | G11: ='Baseline (June to Sep)'!G13+'Baseline (June to Sep)'!H13 -> 20 | H11: ='Baseline (June to Sep)'!I13 -> 50 | I11: 0 | J11: =G11*Parameters!$B$2*Parameters!$B$5 -> 42.582 | K11: =H11*Parameters!$B$3*Parameters!$B$6 -> 313.54 | L11: =I11*Parameters!$B$4*Parameters!$B$7 -> 0 | M11: =SUM(J11:L11) -> 356.122 | N11: 0 | O11: 2000 | P11: 15000 | Q11: 0
A12: Augustin NGIRABATWARE | B12: Ruganeheza | C12: 4 | D12: 2021 | E12: June | F12: Baseline | G12: ='Baseline (June to Sep)'!G14+'Baseline (June to Sep)'!H14 -> 80 | H12: ='Baseline (June to Sep)'!I14 -> 0 | I12: 0 | J12: =G12*Parameters!$B$2*Parameters!$B$5 -> 170.328 | K12: =H12*Parameters!$B$3*Parameters!$B$6 -> 0 | L12: =I12*Parameters!$B$4*Parameters!$B$7 -> 0 | M12: =SUM(J12:L12) -> 170.328 | N12: 0 | O12: 8000 | P12: 0 | Q12: 0
A13: Beatrice MUHORAKEYE | B13: Ruganeheza | C13: 6 | D13: 2021 | E13: June | F13: Baseline | G13: ='Baseline (June to Sep)'!G15+'Baseline (June to Sep)'!H15 -> 20 | H13: ='Baseline (June to Sep)'!I15 -> 40 | I13: 0 | J13: =G13*Parameters!$B$2*Parameters!$B$5 -> 42.582 | K13: =H13*Parameters!$B$3*Parameters!$B$6 -> 250.832 | L13: =I13*Parameters!$B$4*Parameters!$B$7 -> 0 | M13: =SUM(J13:L13) -> 293.414 | N13: 0 | O13: 2000 | P13: 12000 | Q13: 0
... A101: Yvonne UWIMANA | B101: Itorero | C101: 6 | D101: 2021 | E101: June | F101: Baseline | G101: ='Baseline (June to Sep)'!G103+'Baseline (June to Sep)'!H103 -> 40 | H101: ='Baseline (June to Sep)'!I103 -> 0 | I101: 0 | J101: =G101*Parameters!$B$2*Parameters!$B$5 -> 85.164 | K101: =H101*Parameters!$B$3*Parameters!$B$6 -> 0 | L101: =I101*Parameters!$B$4*Parameters!$B$7 -> 0 | M101: =SUM(J101:L101) -> 85.164 | N101: 0 | O101: 4000 | P101: 0 | Q101: 0
A102: Agnes MUSABYEYEZU | B102: Twiyubake Family | C102: 8 | D102: 2021 | E102: July | F102: Baseline | G102: ='Baseline (June to Sep)'!M4+'Baseline (June to Sep)'!N4 -> 20 | H102: ='Baseline (June to Sep)'!O4 -> 22 | I102: 0 | J102: =G102*Parameters!$B$2*Parameters!$B$5 -> 42.582 | K102: =H102*Parameters!$B$3*Parameters!$B$6 -> 137.9576 | L102: =I102*Parameters!$B$4*Parameters!$B$7 -> 0 | M102: =SUM(J102:L102) -> 180.5396 | N102: 0 | O102: 2000 | P102: 6600 | Q102: 0
A103: Alice MUKAMISHA | B103: Genda ugire utyo | C103: 7 | D103: 2021 | E103: July | F103: Baseline | G103: ='Baseline (June to Sep)'!M5+'Baseline (June to Sep)'!N5 -> 0 | H103: ='Baseline (June to Sep)'!O5 -> 35 | I103: 0 | J103: =G103*Parameters!$B$2*Parameters!$B$5 -> 0 | K103: =H103*Parameters!$B$3*Parameters!$B$6 -> 219.478 | L103: =I103*Parameters!$B$4*Parameters!$B$7 -> 0 | M103: =SUM(J103:L103) -> 219.478 | N103: 0 | O103: 0 | P103: 10500 | Q103: 0
A104: Alphonsine MUKARUGINA | B104: Twisungane | C104: 10 | D104: 2021 | E104: July | F104: Baseline | G104: ='Baseline (June to Sep)'!M6+'Baseline (June to Sep)'!N6 -> 30 | H104: ='Baseline (June to Sep)'!O6 -> 28 | I104: 0 | J104: =G104*Parameters!$B$2*Parameters!$B$5 -> 63.873 | K104: =H104*Parameters!$B$3*Parameters!$B$6 -> 175.5824 | L104: =I104*Parameters!$B$4*Parameters!$B$7 -> 0 | M104: =SUM(J104:L104) -> 239.4554 | N104: 0 | O104: 3000 | P104: 8400 | Q104: 0
A105: Anathalia MUKANKUSI | B105: Genda ugire utyo | C105: 7 | D105: 2021 | E105: July | F105: Baseline | G105: ='Baseline (June to Sep)'!M7+'Baseline (June to Sep)'!N7 -> 20 | H105: ='Baseline (June to Sep)'!O7 -> 10 | I105: 0 | J105: =G105*Parameters!$B$2*Parameters!$B$5 -> 42.582 | K105: =H105*Parameters!$B$3*Parameters!$B$6 -> 62.708 | L105: =I105*Parameters!$B$4*Parameters!$B$7 -> 0 | M105: =SUM(J105:L105) -> 105.29 | N105: 0 | O105: 2000 | P105: 3000 | Q105: 0
A106: Angelique BYUKUSENGE | B106: Abagarukanarumuri | C106: 4 | D106: 2021 | E106: July | F106: Baseline | G106: ='Baseline (June to Sep)'!M8+'Baseline (June to Sep)'!N8 -> 10 | H106: ='Baseline (June to Sep)'!O8 -> 15 | I106: 0 | J106: =G106*Parameters!$B$2*Parameters!$B$5 -> 21.291 | K106: =H106*Parameters!$B$3*Parameters!$B$6 -> 94.062 | L106: =I106*Parameters!$B$4*Parameters!$B$7 -> 0 | M106: =SUM(J106:L106) -> 115.353 | N106: 0 | O106: 1000 | P106: 4500 | Q106: 0
A107: Angelique MUHAWENIMANA | B107: Icyerekezo | C107: 3 | D107: 2021 | E107: July | F107: Baseline | G107: ='Baseline (June to Sep)'!M9+'Baseline (June to Sep)'!N9 -> 20 | H107: ='Baseline (June to Sep)'!O9 -> 10 | I107: 0 | J107: =G107*Parameters!$B$2*Parameters!$B$5 -> 42.582 | K107: =H107*Parameters!$B$3*Parameters!$B$6 -> 62.708 | L107: =I107*Parameters!$B$4*Parameters!$B$7 -> 0 | M107: =SUM(J107:L107) -> 105.29 | N107: 0 | O107: 2000 | P107: 3000 | Q107: 0
A108: Angelique MUKANDORI | B108: Twisungane | C108: 6 | D108: 2021 | E108: July | F108: Baseline | G108: ='Baseline (June to Sep)'!M10+'Baseline (June to Sep)'!N10 -> 40 | H108: ='Baseline (June to Sep)'!O10 -> 40 | I108: 0 | J108: =G108*Parameters!$B$2*Parameters!$B$5 -> 85.164 | K108: =H108*Parameters!$B$3*Parameters!$B$6 -> 250.832 | L108: =I108*Parameters!$B$4*Parameters!$B$7 -> 0 | M108: =SUM(J108:L108) -> 335.996 | N108: 0 | O108: 4000 | P108: 12000 | Q108: 0
A109: Angelique NYIRANEZA | B109: Genda ugire utyo | C109: 9 | D109: 2021 | E109: July | F109: Baseline | G109: ='Baseline (June to Sep)'!M11+'Baseline (June to Sep)'!N11 -> 20 | H109: ='Baseline (June to Sep)'!O11 -> 40 | I109: 0 | J109: =G109*Parameters!$B$2*Parameters!$B$5 -> 42.582 | K109: =H109*Parameters!$B$3*Parameters!$B$6 -> 250.832 | L109: =I109*Parameters!$B$4*Parameters!$B$7 -> 0 | M109: =SUM(J109:L109) -> 293.414 | N109: 0 | O109: 2000 | P109: 12000 | Q109: 0
A110: Anitha GATESI | B110: Abagarukanarumuri | C110: 4 | D110: 2021 | E110: July | F110: Baseline | G110: ='Baseline (June to Sep)'!M12+'Baseline (June to Sep)'!N12 -> 10 | H110: ='Baseline (June to Sep)'!O12 -> 40 | I110: 0 | J110: =G110*Parameters!$B$2*Parameters!$B$5 -> 21.291 | K110: =H110*Parameters!$B$3*Parameters!$B$6 -> 250.832 | L110: =I110*Parameters!$B$4*Parameters!$B$7 -> 0 | M110: =SUM(J110:L110) -> 272.123 | N110: 0 | O110: 1000 | P110: 12000 | Q110: 0
A111: Athanasie MUKAGASHUGI | B111: Twisungane | C111: 6 | D111: 2021 | E111: July | F111: Baseline | G111: ='Baseline (June to Sep)'!M13+'Baseline (June to Sep)'!N13 -> 20 | H111: ='Baseline (June to Sep)'!O13 -> 38 | I111: 0 | J111: =G111*Parameters!$B$2*Parameters!$B$5 -> 42.582 | K111: =H111*Parameters!$B$3*Parameters!$B$6 -> 238.2904 | L111: =I111*Parameters!$B$4*Parameters!$B$7 -> 0 | M111: =SUM(J111:L111) -> 280.8724 | N111: 0 | O111: 2000 | P111: 11400 | Q111: 0
A112: Augustin NGIRABATWARE | B112: Ruganeheza | C112: 4 | D112: 2021 | E112: July | F112: Baseline | G112: ='Baseline (June to Sep)'!M14+'Baseline (June to Sep)'!N14 -> 55 | H112: ='Baseline (June to Sep)'!O14 -> 10 | I112: 0 | J112: =G112*Parameters!$B$2*Parameters!$B$5 -> 117.1005 | K112: =H112*Parameters!$B$3*Parameters!$B$6 -> 62.708 | L112: =I112*Parameters!$B$4*Parameters!$B$7 -> 0 | M112: =SUM(J112:L112) -> 179.8085 | N112: 0 | O112: 5500 | P112: 3000 | Q112: 0
A113: Beatrice MUHORAKEYE | B113: Ruganeheza | C113: 6 | D113: 2021 | E113: July | F113: Baseline | G113: ='Baseline (June to Sep)'!M15+'Baseline (June to Sep)'!N15 -> 20 | H113: ='Baseline (June to Sep)'!O15 -> 35 | I113: 0 | J113: =G113*Parameters!$B$2*Parameters!$B$5 -> 42.582 | K113: =H113*Parameters!$B$3*Parameters!$B$6 -> 219.478 | L113: =I113*Parameters!$B$4*Parameters!$B$7 -> 0 | M113: =SUM(J113:L113) -> 262.06 | N113: 0 | O113: 2000 | P113: 10500 | Q113: 0
... A201: Yvonne UWIMANA | B201: Itorero | C201: 6 | D201: 2021 | E201: July | F201: Baseline | G201: ='Baseline (June to Sep)'!M103+'Baseline (June to Sep)'!N103 -> 40 | H201: ='Baseline (June to Sep)'!O103 -> 10 | I201: 0 | J201: =G201*Parameters!$B$2*Parameters!$B$5 -> 85.164 | K201: =H201*Parameters!$B$3*Parameters!$B$6 -> 62.708 | L201: =I201*Parameters!$B$4*Parameters!$B$7 -> 0 | M201: =SUM(J201:L201) -> 147.872 | N201: 0 | O201: 4000 | P201: 3000 | Q201: 0
A202: Agnes MUSABYEYEZU | B202: Twiyubake Family | C202: 8 | D202: 2021 | E202: August | F202: Baseline | G202: ='Baseline (June to Sep)'!S4+'Baseline (June to Sep)'!T4 -> 40 | H202: ='Baseline (June to Sep)'!U4 -> 15 | I202: 0 | J202: =G202*Parameters!$B$2*Parameters!$B$5 -> 85.164 | K202: =H202*Parameters!$B$3*Parameters!$B$6 -> 94.062 | L202: =I202*Parameters!$B$4*Parameters!$B$7 -> 0 | M202: =SUM(J202:L202) -> 179.226 | N202: 4000 | O202: 0 | P202: 4500 | Q202: 0
A203: Alice MUKAMISHA | B203: Genda ugire utyo | C203: 7 | D203: 2021 | E203: August | F203: Baseline | G203: ='Baseline (June to Sep)'!S5+'Baseline (June to Sep)'!T5 -> 20 | H203: ='Baseline (June to Sep)'!U5 -> 25 | I203: 0 | J203: =G203*Parameters!$B$2*Parameters!$B$5 -> 42.582 | K203: =H203*Parameters!$B$3*Parameters!$B$6 -> 156.77 | L203: =I203*Parameters!$B$4*Parameters!$B$7 -> 0 | M203: =SUM(J203:L203) -> 199.352 | N203: 2000 | O203: 0 | P203: 7500 | Q203: 0
A204: Alphonsine MUKARUGINA | B204: Twisungane | C204: 10 | D204: 2021 | E204: August | F204: Baseline | G204: ='Baseline (June to Sep)'!S6+'Baseline (June to Sep)'!T6 -> 35 | H204: ='Baseline (June to Sep)'!U6 -> 22 | I204: 0 | J204: =G204*Parameters!$B$2*Parameters!$B$5 -> 74.5185 | K204: =H204*Parameters!$B$3*Parameters!$B$6 -> 137.9576 | L204: =I204*Parameters!$B$4*Parameters!$B$7 -> 0 | M204: =SUM(J204:L204) -> 212.4761 | N204: 3500 | O204: 0 | P204: 6600 | Q204: 0
A205: Anathalia MUKANKUSI | B205: Genda ugire utyo | C205: 7 | D205: 2021 | E205: August | F205: Baseline | G205: ='Baseline (June to Sep)'!S7+'Baseline (June to Sep)'!T7 -> 25 | H205: ='Baseline (June to Sep)'!U7 -> 10 | I205: 0 | J205: =G205*Parameters!$B$2*Parameters!$B$5 -> 53.2275 | K205: =H205*Parameters!$B$3*Parameters!$B$6 -> 62.708 | L205: =I205*Parameters!$B$4*Parameters!$B$7 -> 0 | M205: =SUM(J205:L205) -> 115.9355 | N205: 2500 | O205: 0 | P205: 3000 | Q205: 0
A206: Angelique BYUKUSENGE | B206: Abagarukanarumuri | C206: 4 | D206: 2021 | E206: August | F206: Baseline | G206: ='Baseline (June to Sep)'!S8+'Baseline (June to Sep)'!T8 -> 20 | H206: ='Baseline (June to Sep)'!U8 -> 10 | I206: 0 | J206: =G206*Parameters!$B$2*Parameters!$B$5 -> 42.582 | K206: =H206*Parameters!$B$3*Parameters!$B$6 -> 62.708 | L206: =I206*Parameters!$B$4*Parameters!$B$7 -> 0 | M206: =SUM(J206:L206) -> 105.29 | N206: 2000 | O206: 0 | P206: 3000 | Q206: 0
A207: Angelique MUHAWENIMANA | B207: Icyerekezo | C207: 3 | D207: 2021 | E207: August | F207: Baseline | G207: ='Baseline (June to Sep)'!S9+'Baseline (June to Sep)'!T9 -> 40 | H207: ='Baseline (June to Sep)'!U9 -> 5 | I207: 0 | J207: =G207*Parameters!$B$2*Parameters!$B$5 -> 85.164 | K207: =H207*Parameters!$B$3*Parameters!$B$6 -> 31.354 | L207: =I207*Parameters!$B$4*Parameters!$B$7 -> 0 | M207: =SUM(J207:L207) -> 116.518 | N207: 4000 | O207: 0 | P207: 1500 | Q207: 0
A208: Angelique MUKANDORI | B208: Twisungane | C208: 6 | D208: 2021 | E208: August | F208: Baseline | G208: ='Baseline (June to Sep)'!S10+'Baseline (June to Sep)'!T10 -> 40 | H208: ='Baseline (June to Sep)'!U10 -> 34 | I208: 0 | J208: =G208*Parameters!$B$2*Parameters!$B$5 -> 85.164 | K208: =H208*Parameters!$B$3*Parameters!$B$6 -> 213.2072 | L208: =I208*Parameters!$B$4*Parameters!$B$7 -> 0 | M208: =SUM(J208:L208) -> 298.3712 | N208: 4000 | O208: 0 | P208: 10200 | Q208: 0
A209: Angelique NYIRANEZA | B209: Genda ugire utyo | C209: 9 | D209: 2021 | E209: August | F209: Baseline | G209: ='Baseline (June to Sep)'!S11+'Baseline (June to Sep)'!T11 -> 40 | H209: ='Baseline (June to Sep)'!U11 -> 35 | I209: 0 | J209: =G209*Parameters!$B$2*Parameters!$B$5 -> 85.164 | K209: =H209*Parameters!$B$3*Parameters!$B$6 -> 219.478 | L209: =I209*Parameters!$B$4*Parameters!$B$7 -> 0 | M209: =SUM(J209:L209) -> 304.642 | N209: 4000 | O209: 0 | P209: 10500 | Q209: 0
A210: Anitha GATESI | B210: Abagarukanarumuri | C210: 4 | D210: 2021 | E210: August | F210: Baseline | G210: ='Baseline (June to Sep)'!S12+'Baseline (June to Sep)'!T12 -> 0 | H210: ='Baseline (June to Sep)'!U12 -> 40 | I210: 0 | J210: =G210*Parameters!$B$2*Parameters!$B$5 -> 0 | K210: =H210*Parameters!$B$3*Parameters!$B$6 -> 250.832 | L210: =I210*Parameters!$B$4*Parameters!$B$7 -> 0 | M210: =SUM(J210:L210) -> 250.832 | N210: 0 | O210: 0 | P210: 12000 | Q210: 0
A211: Athanasie MUKAGASHUGI | B211: Twisungane | C211: 6 | D211: 2021 | E211: August | F211: Baseline | G211: ='Baseline (June to Sep)'!S13+'Baseline (June to Sep)'!T13 -> 26 | H211: ='Baseline (June to Sep)'!U13 -> 35 | I211: 0 | J211: =G211*Parameters!$B$2*Parameters!$B$5 -> 55.3566 | K211: =H211*Parameters!$B$3*Parameters!$B$6 -> 219.478 | L211: =I211*Parameters!$B$4*Parameters!$B$7 -> 0 | M211: =SUM(J211:L211) -> 274.8346 | N211: 2600 | O211: 0 | P211: 10500 | Q211: 0
A212: Augustin NGIRABATWARE | B212: Ruganeheza | C212: 4 | D212: 2021 | E212: August | F212: Baseline | G212: ='Baseline (June to Sep)'!S14+'Baseline (June to Sep)'!T14 -> 35 | H212: ='Baseline (June to Sep)'!U14 -> 15 | I212: 0 | J212: =G212*Parameters!$B$2*Parameters!$B$5 -> 74.5185 | K212: =H212*Parameters!$B$3*Parameters!$B$6 -> 94.062 | L212: =I212*Parameters!$B$4*Parameters!$B$7 -> 0 | M212: =SUM(J212:L212) -> 168.5805 | N212: 3500 | O212: 0 | P212: 4500 | Q212: 0
A213: Beatrice MUHORAKEYE | B213: Ruganeheza | C213: 6 | D213: 2021 | E213: August | F213: Baseline | G213: ='Baseline (June to Sep)'!S15+'Baseline (June to Sep)'!T15 -> 10 | H213: ='Baseline (June to Sep)'!U15 -> 30 | I213: 0 | J213: =G213*Parameters!$B$2*Parameters!$B$5 -> 21.291 | K213: =H213*Parameters!$B$3*Parameters!$B$6 -> 188.124 | L213: =I213*Parameters!$B$4*Parameters!$B$7 -> 0 | M213: =SUM(J213:L213) -> 209.415 | N213: 1000 | O213: 0 | P213: 9000 | Q213: 0
... A301: Yvonne UWIMANA | B301: Itorero | C301: 6 | D301: 2021 | E301: August | F301: Baseline | G301: ='Baseline (June to Sep)'!S103+'Baseline (June to Sep)'!T103 -> 38 | H301: ='Baseline (June to Sep)'!U103 -> 10 | I301: 0 | J301: =G301*Parameters!$B$2*Parameters!$B$5 -> 80.9058 | K301: =H301*Parameters!$B$3*Parameters!$B$6 -> 62.708 | L301: =I301*Parameters!$B$4*Parameters!$B$7 -> 0 | M301: =SUM(J301:L301) -> 143.6138 | N301: 3800 | O301: 0 | P301: 3000 | Q301: 0
A302: Agnes MUSABYEYEZU | B302: Twiyubake Family | C302: 8 | D302: 2021 | E302: September | F302: Baseline | G302: ='Baseline (June to Sep)'!Y4+'Baseline (June to Sep)'!Z4 -> 20 | H302: ='Baseline (June to Sep)'!AA4 -> 22 | I302: 0 | J302: =G302*Parameters!$B$2*Parameters!$B$5 -> 42.582 | K302: =H302*Parameters!$B$3*Parameters!$B$6 -> 137.9576 | L302: =I302*Parameters!$B$4*Parameters!$B$7 -> 0 | M302: =SUM(J302:L302) -> 180.5396 | N302: 0 | O302: 2000 | P302: 6600 | Q302: 0
A303: Alice MUKAMISHA | B303: Genda ugire utyo | C303: 7 | D303: 2021 | E303: September | F303: Baseline | G303: ='Baseline (June to Sep)'!Y5+'Baseline (June to Sep)'!Z5 -> 32 | H303: ='Baseline (June to Sep)'!AA5 -> 30 | I303: 0 | J303: =G303*Parameters!$B$2*Parameters!$B$5 -> 68.1312 | K303: =H303*Parameters!$B$3*Parameters!$B$6 -> 188.124 | L303: =I303*Parameters!$B$4*Parameters!$B$7 -> 0 | M303: =SUM(J303:L303) -> 256.2552 | N303: 0 | O303: 3200 | P303: 9000 | Q303: 0
A304: Alphonsine MUKARUGINA | B304: Twisungane | C304: 10 | D304: 2021 | E304: September | F304: Baseline | G304: ='Baseline (June to Sep)'!Y6+'Baseline (June to Sep)'!Z6 -> 38 | H304: ='Baseline (June to Sep)'!AA6 -> 25 | I304: 0 | J304: =G304*Parameters!$B$2*Parameters!$B$5 -> 80.9058 | K304: =H304*Parameters!$B$3*Parameters!$B$6 -> 156.77 | L304: =I304*Parameters!$B$4*Parameters!$B$7 -> 0 | M304: =SUM(J304:L304) -> 237.6758 | N304: 0 | O304: 3800 | P304: 7500 | Q304: 0
A305: Anathalia MUKANKUSI | B305: Genda ugire utyo | C305: 7 | D305: 2021 | E305: September | F305: Baseline | G305: ='Baseline (June to Sep)'!Y7+'Baseline (June to Sep)'!Z7 -> 25 | H305: ='Baseline (June to Sep)'!AA7 -> 14 | I305: 0 | J305: =G305*Parameters!$B$2*Parameters!$B$5 -> 53.2275 | K305: =H305*Parameters!$B$3*Parameters!$B$6 -> 87.7912 | L305: =I305*Parameters!$B$4*Parameters!$B$7 -> 0 | M305: =SUM(J305:L305) -> 141.0187 | N305: 0 | O305: 2500 | P305: 4200 | Q305: 0
A306: Angelique BYUKUSENGE | B306: Abagarukanarumuri | C306: 4 | D306: 2021 | E306: September | F306: Baseline | G306: ='Baseline (June to Sep)'!Y8+'Baseline (June to Sep)'!Z8 -> 30 | H306: ='Baseline (June to Sep)'!AA8 -> 15 | I306: 0 | J306: =G306*Parameters!$B$2*Parameters!$B$5 -> 63.873 | K306: =H306*Parameters!$B$3*Parameters!$B$6 -> 94.062 | L306: =I306*Parameters!$B$4*Parameters!$B$7 -> 0 | M306: =SUM(J306:L306) -> 157.935 | N306: 0 | O306: 3000 | P306: 4500 | Q306: 0
A307: Angelique MUHAWENIMANA | B307: Icyerekezo | C307: 3 | D307: 2021 | E307: September | F307: Baseline | G307: ='Baseline (June to Sep)'!Y9+'Baseline (June to Sep)'!Z9 -> 32 | H307: ='Baseline (June to Sep)'!AA9 -> 10 | I307: 0 | J307: =G307*Parameters!$B$2*Parameters!$B$5 -> 68.1312 | K307: =H307*Parameters!$B$3*Parameters!$B$6 -> 62.708 | L307: =I307*Parameters!$B$4*Parameters!$B$7 -> 0 | M307: =SUM(J307:L307) -> 130.8392 | N307: 0 | O307: 3200 | P307: 3000 | Q307: 0
A308: Angelique MUKANDORI | B308: Twisungane | C308: 6 | D308: 2021 | E308: September | F308: Baseline | G308: ='Baseline (June to Sep)'!Y10+'Baseline (June to Sep)'!Z10 -> 25 | H308: ='Baseline (June to Sep)'!AA10 -> 30 | I308: 0 | J308: =G308*Parameters!$B$2*Parameters!$B$5 -> 53.2275 | K308: =H308*Parameters!$B$3*Parameters!$B$6 -> 188.124 | L308: =I308*Parameters!$B$4*Parameters!$B$7 -> 0 | M308: =SUM(J308:L308) -> 241.3515 | N308: 0 | O308: 2500 | P308: 9000 | Q308: 0
A309: Angelique NYIRANEZA | B309: Genda ugire utyo | C309: 9 | D309: 2021 | E309: September | F309: Baseline | G309: ='Baseline (June to Sep)'!Y11+'Baseline (June to Sep)'!Z11 -> 45 | H309: ='Baseline (June to Sep)'!AA11 -> 30 | I309: 0 | J309: =G309*Parameters!$B$2*Parameters!$B$5 -> 95.8095 | K309: =H309*Parameters!$B$3*Parameters!$B$6 -> 188.124 | L309: =I309*Parameters!$B$4*Parameters!$B$7 -> 0 | M309: =SUM(J309:L309) -> 283.9335 | N309: 0 | O309: 4500 | P309: 9000 | Q309: 0
A310: Anitha GATESI | B310: Abagarukanarumuri | C310: 4 | D310: 2021 | E310: September | F310: Baseline | G310: ='Baseline (June to Sep)'!Y12+'Baseline (June to Sep)'!Z12 -> 15 | H310: ='Baseline (June to Sep)'!AA12 -> 37 | I310: 0 | J310: =G310*Parameters!$B$2*Parameters!$B$5 -> 31.9365 | K310: =H310*Parameters!$B$3*Parameters!$B$6 -> 232.0196 | L310: =I310*Parameters!$B$4*Parameters!$B$7 -> 0 | M310: =SUM(J310:L310) -> 263.9561 | N310: 0 | O310: 1500 | P310: 11100 | Q310: 0
A311: Athanasie MUKAGASHUGI | B311: Twisungane | C311: 6 | D311: 2021 | E311: September | F311: Baseline | G311: ='Baseline (June to Sep)'!Y13+'Baseline (June to Sep)'!Z13 -> 15 | H311: ='Baseline (June to Sep)'!AA13 -> 38 | I311: 0 | J311: =G311*Parameters!$B$2*Parameters!$B$5 -> 31.9365 | K311: =H311*Parameters!$B$3*Parameters!$B$6 -> 238.2904 | L311: =I311*Parameters!$B$4*Parameters!$B$7 -> 0 | M311: =SUM(J311:L311) -> 270.2269 | N311: 0 | O311: 1500 | P311: 11400 | Q311: 0
A312: Augustin NGIRABATWARE | B312: Ruganeheza | C312: 4 | D312: 2021 | E312: September | F312: Baseline | G312: ='Baseline (June to Sep)'!Y14+'Baseline (June to Sep)'!Z14 -> 25 | H312: ='Baseline (June to Sep)'!AA14 -> 22 | I312: 0 | J312: =G312*Parameters!$B$2*Parameters!$B$5 -> 53.2275 | K312: =H312*Parameters!$B$3*Parameters!$B$6 -> 137.9576 | L312: =I312*Parameters!$B$4*Parameters!$B$7 -> 0 | M312: =SUM(J312:L312) -> 191.1851 | N312: 0 | O312: 2500 | P312: 6600 | Q312: 0
A313: Beatrice MUHORAKEYE | B313: Ruganeheza | C313: 6 | D313: 2021 | E313: September | F313: Baseline | G313: ='Baseline (June to Sep)'!Y15+'Baseline (June to Sep)'!Z15 -> 10 | H313: ='Baseline (June to Sep)'!AA15 -> 25 | I313: 0 | J313: =G313*Parameters!$B$2*Parameters!$B$5 -> 21.291 | K313: =H313*Parameters!$B$3*Parameters!$B$6 -> 156.77 | L313: =I313*Parameters!$B$4*Parameters!$B$7 -> 0 | M313: =SUM(J313:L313) -> 178.061 | N313: 0 | O313: 1000 | P313: 7500 | Q313: 0
... A401: Yvonne UWIMANA | B401: Itorero | C401: 6 | D401: 2021 | E401: September | F401: Baseline | G401: ='Baseline (June to Sep)'!Y103+'Baseline (June to Sep)'!Z103 -> 28 | H401: ='Baseline (June to Sep)'!AA103 -> 13 | I401: 0 | J401: =G401*Parameters!$B$2*Parameters!$B$5 -> 59.6148 | K401: =H401*Parameters!$B$3*Parameters!$B$6 -> 81.5204 | L401: =I401*Parameters!$B$4*Parameters!$B$7 -> 0 | M401: =SUM(J401:L401) -> 141.1352 | N401: 0 | O401: 2800 | P401: 3900 | Q401: 0
A402: Agnes MUSABYEYEZU | B402: Twiyubake Family | C402: 8 | D402: 2021 | E402: October | F402: Experiment | G402: ='October to Jan, 2021 2022'!G4+'October to Jan, 2021 2022'!H4 -> 42 | H402: ='October to Jan, 2021 2022'!I4 -> 0 | I402: ='October to Jan, 2021 2022'!J4 -> 6 | J402: =G402*Parameters!$B$2*Parameters!$B$5 -> 89.4222 | K402: =H402*Parameters!$B$3*Parameters!$B$6 -> 0 | L402: =I402*Parameters!$B$4*Parameters!$B$7 -> 48.5784 | M402: =SUM(J402:L402) -> 138.0006 | N402: 0 | O402: 4200 | P402: 0 | Q402: 1800
A403: Alice MUKAMISHA | B403: Genda ugire utyo | C403: 7 | D403: 2021 | E403: October | F403: Experiment | G403: ='October to Jan, 2021 2022'!G5+'October to Jan, 2021 2022'!H5 -> 25 | H403: ='October to Jan, 2021 2022'!I5 -> 0 | I403: ='October to Jan, 2021 2022'!J5 -> 10 | J403: =G403*Parameters!$B$2*Parameters!$B$5 -> 53.2275 | K403: =H403*Parameters!$B$3*Parameters!$B$6 -> 0 | L403: =I403*Parameters!$B$4*Parameters!$B$7 -> 80.964 | M403: =SUM(J403:L403) -> 134.1915 | N403: 0 | O403: 2500 | P403: 0 | Q403: 3000
A404: Alphonsine MUKARUGINA | B404: Twisungane | C404: 10 | D404: 2021 | E404: October | F404: Experiment | G404: ='October to Jan, 2021 2022'!G6+'October to Jan, 2021 2022'!H6 -> 50 | H404: ='October to Jan, 2021 2022'!I6 -> 0 | I404: ='October to Jan, 2021 2022'!J6 -> 20 | J404: =G404*Parameters!$B$2*Parameters!$B$5 -> 106.455 | K404: =H404*Parameters!$B$3*Parameters!$B$6 -> 0 | L404: =I404*Parameters!$B$4*Parameters!$B$7 -> 161.928 | M404: =SUM(J404:L404) -> 268.383 | N404: 0 | O404: 5000 | P404: 0 | Q404: 6000
A405: Anathalia MUKANKUSI | B405: Genda ugire utyo | C405: 7 | D405: 2021 | E405: October | F405: Experiment | G405: ='October to Jan, 2021 2022'!G7+'October to Jan, 2021 2022'!H7 -> 10 | H405: ='October to Jan, 2021 2022'!I7 -> 0 | I405: ='October to Jan, 2021 2022'!J7 -> 10 | J405: =G405*Parameters!$B$2*Parameters!$B$5 -> 21.291 | K405: =H405*Parameters!$B$3*Parameters!$B$6 -> 0 | L405: =I405*Parameters!$B$4*Parameters!$B$7 -> 80.964 | M405: =SUM(J405:L405) -> 102.255 | N405: 0 | O405: 1000 | P405: 0 | Q405: 3000
A406: Angelique BYUKUSENGE | B406: Abagarukanarumuri | C406: 4 | D406: 2021 | E406: October | F406: Experiment | G406: ='October to Jan, 2021 2022'!G8+'October to Jan, 2021 2022'!H8 -> 45 | H406: ='October to Jan, 2021 2022'!I8 -> 0 | I406: ='October to Jan, 2021 2022'!J8 -> 20 | J406: =G406*Parameters!$B$2*Parameters!$B$5 -> 95.8095 | K406: =H406*Parameters!$B$3*Parameters!$B$6 -> 0 | L406: =I406*Parameters!$B$4*Parameters!$B$7 -> 161.928 | M406: =SUM(J406:L406) -> 257.7375 | N406: 0 | O406: 4500 | P406: 0 | Q406: 6000
A407: Angelique MUHAWENIMANA | B407: Icyerekezo | C407: 3 | D407: 2021 | E407: October | F407: Experiment | G407: ='October to Jan, 2021 2022'!G9+'October to Jan, 2021 2022'!H9 -> 20 | H407: ='October to Jan, 2021 2022'!I9 -> 0 | I407: ='October to Jan, 2021 2022'!J9 -> 10 | J407: =G407*Parameters!$B$2*Parameters!$B$5 -> 42.582 | K407: =H407*Parameters!$B$3*Parameters!$B$6 -> 0 | L407: =I407*Parameters!$B$4*Parameters!$B$7 -> 80.964 | M407: =SUM(J407:L407) -> 123.546 | N407: 0 | O407: 2000 | P407: 0 | Q407: 3000
A408: Angelique MUKANDORI | B408: Twisungane | C408: 6 | D408: 2021 | E408: October | F408: Experiment | G408: ='October to Jan, 2021 2022'!G10+'October to Jan, 2021 2022'!H10 -> 51 | H408: ='October to Jan, 2021 2022'!I10 -> 0 | I408: ='October to Jan, 2021 2022'!J10 -> 20 | J408: =G408*Parameters!$B$2*Parameters!$B$5 -> 108.5841 | K408: =H408*Parameters!$B$3*Parameters!$B$6 -> 0 | L408: =I408*Parameters!$B$4*Parameters!$B$7 -> 161.928 | M408: =SUM(J408:L408) -> 270.5121 | N408: 0 | O408: 5100 | P408: 0 | Q408: 6000
A409: Angelique NYIRANEZA | B409: Genda ugire utyo | C409: 9 | D409: 2021 | E409: October | F409: Experiment | G409: ='October to Jan, 2021 2022'!G11+'October to Jan, 2021 2022'!H11 -> 45 | H409: ='October to Jan, 2021 2022'!I11 -> 0 | I409: ='October to Jan, 2021 2022'!J11 -> 10 | J409: =G409*Parameters!$B$2*Parameters!$B$5 -> 95.8095 | K409: =H409*Parameters!$B$3*Parameters!$B$6 -> 0 | L409: =I409*Parameters!$B$4*Parameters!$B$7 -> 80.964 | M409: =SUM(J409:L409) -> 176.7735 | N409: 0 | O409: 4500 | P409: 0 | Q409: 3000
A410: Anitha GATESI | B410: Abagarukanarumuri | C410: 4 | D410: 2021 | E410: October | F410: Experiment | G410: ='October to Jan, 2021 2022'!G12+'October to Jan, 2021 2022'!H12 -> 15 | H410: ='October to Jan, 2021 2022'!I12 -> 0 | I410: ='October to Jan, 2021 2022'!J12 -> 10 | J410: =G410*Parameters!$B$2*Parameters!$B$5 -> 31.9365 | K410: =H410*Parameters!$B$3*Parameters!$B$6 -> 0 | L410: =I410*Parameters!$B$4*Parameters!$B$7 -> 80.964 | M410: =SUM(J410:L410) -> 112.9005 | N410: 0 | O410: 1500 | P410: 0 | Q410: 3000
A411: Athanasie MUKAGASHUGI | B411: Twisungane | C411: 6 | D411: 2021 | E411: October | F411: Experiment | G411: ='October to Jan, 2021 2022'!G13+'October to Jan, 2021 2022'!H13 -> 24 | H411: ='October to Jan, 2021 2022'!I13 -> 0 | I411: ='October to Jan, 2021 2022'!J13 -> 20 | J411: =G411*Parameters!$B$2*Parameters!$B$5 -> 51.0984 | K411: =H411*Parameters!$B$3*Parameters!$B$6 -> 0 | L411: =I411*Parameters!$B$4*Parameters!$B$7 -> 161.928 | M411: =SUM(J411:L411) -> 213.0264 | N411: 0 | O411: 2400 | P411: 0 | Q411: 6000
A412: Augustin NGIRABATWARE | B412: Ruganeheza | C412: 4 | D412: 2021 | E412: October | F412: Experiment | G412: ='October to Jan, 2021 2022'!G14+'October to Jan, 2021 2022'!H14 -> 68 | H412: ='October to Jan, 2021 2022'!I14 -> 0 | I412: ='October to Jan, 2021 2022'!J14 -> 0 | J412: =G412*Parameters!$B$2*Parameters!$B$5 -> 144.7788 | K412: =H412*Parameters!$B$3*Parameters!$B$6 -> 0 | L412: =I412*Parameters!$B$4*Parameters!$B$7 -> 0 | M412: =SUM(J412:L412) -> 144.7788 | N412: 0 | O412: 6800 | P412: 0 | Q412: 0
A413: Beatrice MUHORAKEYE | B413: Ruganeheza | C413: 6 | D413: 2021 | E413: October | F413: Experiment | G413: ='October to Jan, 2021 2022'!G15+'October to Jan, 2021 2022'!H15 -> 25 | H413: ='October to Jan, 2021 2022'!I15 -> 10 | I413: ='October to Jan, 2021 2022'!J15 -> 10 | J413: =G413*Parameters!$B$2*Parameters!$B$5 -> 53.2275 | K413: =H413*Parameters!$B$3*Parameters!$B$6 -> 62.708 | L413: =I413*Parameters!$B$4*Parameters!$B$7 -> 80.964 | M413: =SUM(J413:L413) -> 196.8995 | N413: 0 | O413: 2500 | P413: 3000 | Q413: 3000
... A501: Yvonne UWIMANA | B501: Itorero | C501: 6 | D501: 2021 | E501: October | F501: Experiment | G501: ='October to Jan, 2021 2022'!G103+'October to Jan, 2021 2022'!H103 -> 10 | H501: ='October to Jan, 2021 2022'!I103 -> 0 | I501: ='October to Jan, 2021 2022'!J103 -> 5 | J501: =G501*Parameters!$B$2*Parameters!$B$5 -> 21.291 | K501: =H501*Parameters!$B$3*Parameters!$B$6 -> 0 | L501: =I501*Parameters!$B$4*Parameters!$B$7 -> 40.482 | M501: =SUM(J501:L501) -> 61.773 | N501: 0 | O501: 1000 | P501: 0 | Q501: 1500
A502: Agnes MUSABYEYEZU | B502: Twiyubake Family | C502: 8 | D502: 2021 | E502: November | F502: Experiment | G502: ='October to Jan, 2021 2022'!O4+'October to Jan, 2021 2022'!P4 -> 55 | H502: ='October to Jan, 2021 2022'!Q4 -> 0 | I502: ='October to Jan, 2021 2022'!R4 -> 0 | J502: =G502*Parameters!$B$2*Parameters!$B$5 -> 117.1005 | K502: =H502*Parameters!$B$3*Parameters!$B$6 -> 0 | L502: =I502*Parameters!$B$4*Parameters!$B$7 -> 0 | M502: =SUM(J502:L502) -> 117.1005 | N502: 0 | O502: 5500 | P502: 0 | Q502: 0
A503: Alice MUKAMISHA | B503: Genda ugire utyo | C503: 7 | D503: 2021 | E503: November | F503: Experiment | G503: ='October to Jan, 2021 2022'!O5+'October to Jan, 2021 2022'!P5 -> 30 | H503: ='October to Jan, 2021 2022'!Q5 -> 0 | I503: ='October to Jan, 2021 2022'!R5 -> 5 | J503: =G503*Parameters!$B$2*Parameters!$B$5 -> 63.873 | K503: =H503*Parameters!$B$3*Parameters!$B$6 -> 0 | L503: =I503*Parameters!$B$4*Parameters!$B$7 -> 40.482 | M503: =SUM(J503:L503) -> 104.355 | N503: 0 | O503: 3000 | P503: 0 | Q503: 1500
A504: Alphonsine MUKARUGINA | B504: Twisungane | C504: 10 | D504: 2021 | E504: November | F504: Experiment | G504: ='October to Jan, 2021 2022'!O6+'October to Jan, 2021 2022'!P6 -> 60 | H504: ='October to Jan, 2021 2022'!Q6 -> 0 | I504: ='October to Jan, 2021 2022'!R6 -> 10 | J504: =G504*Parameters!$B$2*Parameters!$B$5 -> 127.746 | K504: =H504*Parameters!$B$3*Parameters!$B$6 -> 0 | L504: =I504*Parameters!$B$4*Parameters!$B$7 -> 80.964 | M504: =SUM(J504:L504) -> 208.71 | N504: 0 | O504: 6000 | P504: 0 | Q504: 3000
A505: Anathalia MUKANKUSI | B505: Genda ugire utyo | C505: 7 | D505: 2021 | E505: November | F505: Experiment | G505: ='October to Jan, 2021 2022'!O7+'October to Jan, 2021 2022'!P7 -> 35 | H505: ='October to Jan, 2021 2022'!Q7 -> 0 | I505: ='October to Jan, 2021 2022'!R7 -> 0 | J505: =G505*Parameters!$B$2*Parameters!$B$5 -> 74.5185 | K505: =H505*Parameters!$B$3*Parameters!$B$6 -> 0 | L505: =I505*Parameters!$B$4*Parameters!$B$7 -> 0 | M505: =SUM(J505:L505) -> 74.5185 | N505: 0 | O505: 3500 | P505: 0 | Q505: 0
A506: Angelique BYUKUSENGE | B506: Abagarukanarumuri | C506: 4 | D506: 2021 | E506: November | F506: Experiment | G506: ='October to Jan, 2021 2022'!O8+'October to Jan, 2021 2022'!P8 -> 40 | H506: ='October to Jan, 2021 2022'!Q8 -> 0 | I506: ='October to Jan, 2021 2022'!R8 -> 10 | J506: =G506*Parameters!$B$2*Parameters!$B$5 -> 85.164 | K506: =H506*Parameters!$B$3*Parameters!$B$6 -> 0 | L506: =I506*Parameters!$B$4*Parameters!$B$7 -> 80.964 | M506: =SUM(J506:L506) -> 166.128 | N506: 0 | O506: 4000 | P506: 0 | Q506: 3000
A507: Angelique MUHAWENIMANA | B507: Icyerekezo | C507: 3 | D507: 2021 | E507: November | F507: Experiment | G507: ='October to Jan, 2021 2022'!O9+'October to Jan, 2021 2022'!P9 -> 40 | H507: ='October to Jan, 2021 2022'!Q9 -> 0 | I507: ='October to Jan, 2021 2022'!R9 -> 0 | J507: =G507*Parameters!$B$2*Parameters!$B$5 -> 85.164 | K507: =H507*Parameters!$B$3*Parameters!$B$6 -> 0 | L507: =I507*Parameters!$B$4*Parameters!$B$7 -> 0 | M507: =SUM(J507:L507) -> 85.164 | N507: 0 | O507: 4000 | P507: 0 | Q507: 0
A508: Angelique MUKANDORI | B508: Twisungane | C508: 6 | D508: 2021 | E508: November | F508: Experiment | G508: ='October to Jan, 2021 2022'!O10+'October to Jan, 2021 2022'!P10 -> 45 | H508: ='October to Jan, 2021 2022'!Q10 -> 0 | I508: ='October to Jan, 2021 2022'!R10 -> 20 | J508: =G508*Parameters!$B$2*Parameters!$B$5 -> 95.8095 | K508: =H508*Parameters!$B$3*Parameters!$B$6 -> 0 | L508: =I508*Parameters!$B$4*Parameters!$B$7 -> 161.928 | M508: =SUM(J508:L508) -> 257.7375 | N508: 0 | O508: 4500 | P508: 0 | Q508: 6000
A509: Angelique NYIRANEZA | B509: Genda ugire utyo | C509: 9 | D509: 2021 | E509: November | F509: Experiment | G509: ='October to Jan, 2021 2022'!O11+'October to Jan, 2021 2022'!P11 -> 60 | H509: ='October to Jan, 2021 2022'!Q11 -> 0 | I509: ='October to Jan, 2021 2022'!R11 -> 10 | J509: =G509*Parameters!$B$2*Parameters!$B$5 -> 127.746 | K509: =H509*Parameters!$B$3*Parameters!$B$6 -> 0 | L509: =I509*Parameters!$B$4*Parameters!$B$7 -> 80.964 | M509: =SUM(J509:L509) -> 208.71 | N509: 0 | O509: 6000 | P509: 0 | Q509: 3000
A510: Anitha GATESI | B510: Abagarukanarumuri | C510: 4 | D510: 2021 | E510: November | F510: Experiment | G510: ='October to Jan, 2021 2022'!O12+'October to Jan, 2021 2022'!P12 -> 20 | H510: ='October to Jan, 2021 2022'!Q12 -> 0 | I510: ='October to Jan, 2021 2022'!R12 -> 5 | J510: =G510*Parameters!$B$2*Parameters!$B$5 -> 42.582 | K510: =H510*Parameters!$B$3*Parameters!$B$6 -> 0 | L510: =I510*Parameters!$B$4*Parameters!$B$7 -> 40.482 | M510: =SUM(J510:L510) -> 83.064 | N510: 0 | O510: 2000 | P510: 0 | Q510: 1500
A511: Athanasie MUKAGASHUGI | B511: Twisungane | C511: 6 | D511: 2021 | E511: November | F511: Experiment | G511: ='October to Jan, 2021 2022'!O13+'October to Jan, 2021 2022'!P13 -> 30 | H511: ='October to Jan, 2021 2022'!Q13 -> 0 | I511: ='October to Jan, 2021 2022'!R13 -> 8 | J511: =G511*Parameters!$B$2*Parameters!$B$5 -> 63.873 | K511: =H511*Parameters!$B$3*Parameters!$B$6 -> 0 | L511: =I511*Parameters!$B$4*Parameters!$B$7 -> 64.7712 | M511: =SUM(J511:L511) -> 128.6442 | N511: 0 | O511: 3000 | P511: 0 | Q511: 2400
A512: Augustin NGIRABATWARE | B512: Ruganeheza | C512: 4 | D512: 2021 | E512: November | F512: Experiment | G512: ='October to Jan, 2021 2022'!O14+'October to Jan, 2021 2022'!P14 -> 60 | H512: ='October to Jan, 2021 2022'!Q14 -> 0 | I512: ='October to Jan, 2021 2022'!R14 -> 0 | J512: =G512*Parameters!$B$2*Parameters!$B$5 -> 127.746 | K512: =H512*Parameters!$B$3*Parameters!$B$6 -> 0 | L512: =I512*Parameters!$B$4*Parameters!$B$7 -> 0 | M512: =SUM(J512:L512) -> 127.746 | N512: 0 | O512: 6000 | P512: 0 | Q512: 0
A513: Beatrice MUHORAKEYE | B513: Ruganeheza | C513: 6 | D513: 2021 | E513: November | F513: Experiment | G513: ='October to Jan, 2021 2022'!O15+'October to Jan, 2021 2022'!P15 -> 15 | H513: ='October to Jan, 2021 2022'!Q15 -> 0 | I513: ='October to Jan, 2021 2022'!R15 -> 20 | J513: =G513*Parameters!$B$2*Parameters!$B$5 -> 31.9365 | K513: =H513*Parameters!$B$3*Parameters!$B$6 -> 0 | L513: =I513*Parameters!$B$4*Parameters!$B$7 -> 161.928 | M513: =SUM(J513:L513) -> 193.8645 | N513: 0 | O513: 1500 | P513: 0 | Q513: 6000
... A601: Yvonne UWIMANA | B601: Itorero | C601: 6 | D601: 2021 | E601: November | F601: Experiment | G601: ='October to Jan, 2021 2022'!O103+'October to Jan, 2021 2022'!P103 -> 10 | H601: ='October to Jan, 2021 2022'!Q103 -> 0 | I601: ='October to Jan, 2021 2022'!R103 -> 5 | J601: =G601*Parameters!$B$2*Parameters!$B$5 -> 21.291 | K601: =H601*Parameters!$B$3*Parameters!$B$6 -> 0 | L601: =I601*Parameters!$B$4*Parameters!$B$7 -> 40.482 | M601: =SUM(J601:L601) -> 61.773 | N601: 0 | O601: 1000 | P601: 0 | Q601: 1500
A602: Agnes MUSABYEYEZU | B602: Twiyubake Family | C602: 8 | D602: 2021 | E602: December | F602: Experiment | G602: ='October to Jan, 2021 2022'!W4+'October to Jan, 2021 2022'!X4 -> 60 | H602: ='October to Jan, 2021 2022'!Y4 -> 0 | I602: ='October to Jan, 2021 2022'!Z4 -> 5 | J602: =G602*Parameters!$B$2*Parameters!$B$5 -> 127.746 | K602: =H602*Parameters!$B$3*Parameters!$B$6 -> 0 | L602: =I602*Parameters!$B$4*Parameters!$B$7 -> 40.482 | M602: =SUM(J602:L602) -> 168.228 | N602: 0 | O602: 6000 | P602: 0 | Q602: 1500
A603: Alice MUKAMISHA | B603: Genda ugire utyo | C603: 7 | D603: 2021 | E603: December | F603: Experiment | G603: ='October to Jan, 2021 2022'!W5+'October to Jan, 2021 2022'!X5 -> 35 | H603: ='October to Jan, 2021 2022'!Y5 -> 0 | I603: ='October to Jan, 2021 2022'!Z5 -> 5 | J603: =G603*Parameters!$B$2*Parameters!$B$5 -> 74.5185 | K603: =H603*Parameters!$B$3*Parameters!$B$6 -> 0 | L603: =I603*Parameters!$B$4*Parameters!$B$7 -> 40.482 | M603: =SUM(J603:L603) -> 115.0005 | N603: 0 | O603: 3500 | P603: 0 | Q603: 1500
A604: Alphonsine MUKARUGINA | B604: Twisungane | C604: 10 | D604: 2021 | E604: December | F604: Experiment | G604: ='October to Jan, 2021 2022'!W6+'October to Jan, 2021 2022'!X6 -> 55 | H604: ='October to Jan, 2021 2022'!Y6 -> 0 | I604: ='October to Jan, 2021 2022'!Z6 -> 15 | J604: =G604*Parameters!$B$2*Parameters!$B$5 -> 117.1005 | K604: =H604*Parameters!$B$3*Parameters!$B$6 -> 0 | L604: =I604*Parameters!$B$4*Parameters!$B$7 -> 121.446 | M604: =SUM(J604:L604) -> 238.5465 | N604: 0 | O604: 5500 | P604: 0 | Q604: 4500
A605: Anathalia MUKANKUSI | B605: Genda ugire utyo | C605: 7 | D605: 2021 | E605: December | F605: Experiment | G605: ='October to Jan, 2021 2022'!W7+'October to Jan, 2021 2022'!X7 -> 30 | H605: ='October to Jan, 2021 2022'!Y7 -> 0 | I605: ='October to Jan, 2021 2022'!Z7 -> 11 | J605: =G605*Parameters!$B$2*Parameters!$B$5 -> 63.873 | K605: =H605*Parameters!$B$3*Parameters!$B$6 -> 0 | L605: =I605*Parameters!$B$4*Parameters!$B$7 -> 89.0604 | M605: =SUM(J605:L605) -> 152.9334 | N605: 0 | O605: 3000 | P605: 0 | Q605: 3300
A606: Angelique BYUKUSENGE | B606: Abagarukanarumuri | C606: 4 | D606: 2021 | E606: December | F606: Experiment | G606: ='October to Jan, 2021 2022'!W8+'October to Jan, 2021 2022'!X8 -> 42 | H606: ='October to Jan, 2021 2022'!Y8 -> 0 | I606: ='October to Jan, 2021 2022'!Z8 -> 13 | J606: =G606*Parameters!$B$2*Parameters!$B$5 -> 89.4222 | K606: =H606*Parameters!$B$3*Parameters!$B$6 -> 0 | L606: =I606*Parameters!$B$4*Parameters!$B$7 -> 105.2532 | M606: =SUM(J606:L606) -> 194.6754 | N606: 0 | O606: 4200 | P606: 0 | Q606: 3900
A607: Angelique MUHAWENIMANA | B607: Icyerekezo | C607: 3 | D607: 2021 | E607: December | F607: Experiment | G607: ='October to Jan, 2021 2022'!W9+'October to Jan, 2021 2022'!X9 -> 30 | H607: ='October to Jan, 2021 2022'!Y9 -> 0 | I607: ='October to Jan, 2021 2022'!Z9 -> 10 | J607: =G607*Parameters!$B$2*Parameters!$B$5 -> 63.873 | K607: =H607*Parameters!$B$3*Parameters!$B$6 -> 0 | L607: =I607*Parameters!$B$4*Parameters!$B$7 -> 80.964 | M607: =SUM(J607:L607) -> 144.837 | N607: 0 | O607: 3000 | P607: 0 | Q607: 3000
A608: Angelique MUKANDORI | B608: Twisungane | C608: 6 | D608: 2021 | E608: December | F608: Experiment | G608: ='October to Jan, 2021 2022'!W10+'October to Jan, 2021 2022'!X10 -> 50 | H608: ='October to Jan, 2021 2022'!Y10 -> 0 | I608: ='October to Jan, 2021 2022'!Z10 -> 18 | J608: =G608*Parameters!$B$2*Parameters!$B$5 -> 106.455 | K608: =H608*Parameters!$B$3*Parameters!$B$6 -> 0 | L608: =I608*Parameters!$B$4*Parameters!$B$7 -> 145.7352 | M608: =SUM(J608:L608) -> 252.1902 | N608: 0 | O608: 5000 | P608: 0 | Q608: 5400
A609: Angelique NYIRANEZA | B609: Genda ugire utyo | C609: 9 | D609: 2021 | E609: December | F609: Experiment | G609: ='October to Jan, 2021 2022'!W11+'October to Jan, 2021 2022'!X11 -> 40 | H609: ='October to Jan, 2021 2022'!Y11 -> 0 | I609: ='October to Jan, 2021 2022'!Z11 -> 10 | J609: =G609*Parameters!$B$2*Parameters!$B$5 -> 85.164 | K609: =H609*Parameters!$B$3*Parameters!$B$6 -> 0 | L609: =I609*Parameters!$B$4*Parameters!$B$7 -> 80.964 | M609: =SUM(J609:L609) -> 166.128 | N609: 0 | O609: 4000 | P609: 0 | Q609: 3000
A610: Anitha GATESI | B610: Abagarukanarumuri | C610: 4 | D610: 2021 | E610: December | F610: Experiment | G610: ='October to Jan, 2021 2022'!W12+'October to Jan, 2021 2022'!X12 -> 25 | H610: ='October to Jan, 2021 2022'!Y12 -> 0 | I610: ='October to Jan, 2021 2022'!Z12 -> 5 | J610: =G610*Parameters!$B$2*Parameters!$B$5 -> 53.2275 | K610: =H610*Parameters!$B$3*Parameters!$B$6 -> 0 | L610: =I610*Parameters!$B$4*Parameters!$B$7 -> 40.482 | M610: =SUM(J610:L610) -> 93.7095 | N610: 0 | O610: 2500 | P610: 0 | Q610: 1500
A611: Athanasie MUKAGASHUGI | B611: Twisungane | C611: 6 | D611: 2021 | E611: December | F611: Experiment | G611: ='October to Jan, 2021 2022'!W13+'October to Jan, 2021 2022'!X13 -> 20 | H611: ='October to Jan, 2021 2022'!Y13 -> 0 | I611: ='October to Jan, 2021 2022'!Z13 -> 0 | J611: =G611*Parameters!$B$2*Parameters!$B$5 -> 42.582 | K611: =H611*Parameters!$B$3*Parameters!$B$6 -> 0 | L611: =I611*Parameters!$B$4*Parameters!$B$7 -> 0 | M611: =SUM(J611:L611) -> 42.582 | N611: 0 | O611: 2000 | P611: 0 | Q611: 0
A612: Augustin NGIRABATWARE | B612: Ruganeheza | C612: 4 | D612: 2021 | E612: December | F612: Experiment | G612: ='October to Jan, 2021 2022'!W14+'October to Jan, 2021 2022'!X14 -> 65 | H612: ='October to Jan, 2021 2022'!Y14 -> 0 | I612: ='October to Jan, 2021 2022'!Z14 -> 15 | J612: =G612*Parameters!$B$2*Parameters!$B$5 -> 138.3915 | K612: =H612*Parameters!$B$3*Parameters!$B$6 -> 0 | L612: =I612*Parameters!$B$4*Parameters!$B$7 -> 121.446 | M612: =SUM(J612:L612) -> 259.8375 | N612: 0 | O612: 6500 | P612: 0 | Q612: 4500
A613: Beatrice MUHORAKEYE | B613: Ruganeheza | C613: 6 | D613: 2021 | E613: December | F613: Experiment | G613: ='October to Jan, 2021 2022'!W15+'October to Jan, 2021 2022'!X15 -> 20 | H613: ='October to Jan, 2021 2022'!Y15 -> 0 | I613: ='October to Jan, 2021 2022'!Z15 -> 5 | J613: =G613*Parameters!$B$2*Parameters!$B$5 -> 42.582 | K613: =H613*Parameters!$B$3*Parameters!$B$6 -> 0 | L613: =I613*Parameters!$B$4*Parameters!$B$7 -> 40.482 | M613: =SUM(J613:L613) -> 83.064 | N613: 0 | O613: 2000 | P613: 0 | Q613: 1500
... A701: Yvonne UWIMANA | B701: Itorero | C701: 6 | D701: 2021 | E701: December | F701: Experiment | G701: ='October to Jan, 2021 2022'!W103+'October to Jan, 2021 2022'!X103 -> 15 | H701: ='October to Jan, 2021 2022'!Y103 -> 0 | I701: ='October to Jan, 2021 2022'!Z103 -> 10 | J701: =G701*Parameters!$B$2*Parameters!$B$5 -> 31.9365 | K701: =H701*Parameters!$B$3*Parameters!$B$6 -> 0 | L701: =I701*Parameters!$B$4*Parameters!$B$7 -> 80.964 | M701: =SUM(J701:L701) -> 112.9005 | N701: 0 | O701: 1500 | P701: 0 | Q701: 3000
A702: Agnes MUSABYEYEZU | B702: Twiyubake Family | C702: 8 | D702: 2022 | E702: January | F702: Experiment | G702: ='October to Jan, 2021 2022'!AE4+'October to Jan, 2021 2022'!AF4 -> 50 | H702: ='October to Jan, 2021 2022'!AG4 -> 0 | I702: ='October to Jan, 2021 2022'!AH4 -> 10 | J702: =G702*Parameters!$B$2*Parameters!$B$5 -> 106.455 | K702: =H702*Parameters!$B$3*Parameters!$B$6 -> 0 | L702: =I702*Parameters!$B$4*Parameters!$B$7 -> 80.964 | M702: =SUM(J702:L702) -> 187.419 | N702: 0 | O702: 5000 | P702: 0 | Q702: 3000
A703: Alice MUKAMISHA | B703: Genda ugire utyo | C703: 7 | D703: 2022 | E703: January | F703: Experiment | G703: ='October to Jan, 2021 2022'!AE5+'October to Jan, 2021 2022'!AF5 -> 30 | H703: ='October to Jan, 2021 2022'!AG5 -> 0 | I703: ='October to Jan, 2021 2022'!AH5 -> 5 | J703: =G703*Parameters!$B$2*Parameters!$B$5 -> 63.873 | K703: =H703*Parameters!$B$3*Parameters!$B$6 -> 0 | L703: =I703*Parameters!$B$4*Parameters!$B$7 -> 40.482 | M703: =SUM(J703:L703) -> 104.355 | N703: 0 | O703: 3000 | P703: 0 | Q703: 1500
A704: Alphonsine MUKARUGINA | B704: Twisungane | C704: 10 | D704: 2022 | E704: January | F704: Experiment | G704: ='October to Jan, 2021 2022'!AE6+'October to Jan, 2021 2022'!AF6 -> 30 | H704: ='October to Jan, 2021 2022'!AG6 -> 0 | I704: ='October to Jan, 2021 2022'!AH6 -> 5 | J704: =G704*Parameters!$B$2*Parameters!$B$5 -> 63.873 | K704: =H704*Parameters!$B$3*Parameters!$B$6 -> 0 | L704: =I704*Parameters!$B$4*Parameters!$B$7 -> 40.482 | M704: =SUM(J704:L704) -> 104.355 | N704: 0 | O704: 3000 | P704: 0 | Q704: 1500
A705: Anathalia MUKANKUSI | B705: Genda ugire utyo | C705: 7 | D705: 2022 | E705: January | F705: Experiment | G705: ='October to Jan, 2021 2022'!AE7+'October to Jan, 2021 2022'!AF7 -> 38 | H705: ='October to Jan, 2021 2022'!AG7 -> 0 | I705: ='October to Jan, 2021 2022'!AH7 -> 10 | J705: =G705*Parameters!$B$2*Parameters!$B$5 -> 80.9058 | K705: =H705*Parameters!$B$3*Parameters!$B$6 -> 0 | L705: =I705*Parameters!$B$4*Parameters!$B$7 -> 80.964 | M705: =SUM(J705:L705) -> 161.8698 | N705: 0 | O705: 3800 | P705: 0 | Q705: 3000
A706: Angelique BYUKUSENGE | B706: Abagarukanarumuri | C706: 4 | D706: 2022 | E706: January | F706: Experiment | G706: ='October to Jan, 2021 2022'!AE8+'October to Jan, 2021 2022'!AF8 -> 45 | H706: ='October to Jan, 2021 2022'!AG8 -> 0 | I706: ='October to Jan, 2021 2022'!AH8 -> 15 | J706: =G706*Parameters!$B$2*Parameters!$B$5 -> 95.8095 | K706: =H706*Parameters!$B$3*Parameters!$B$6 -> 0 | L706: =I706*Parameters!$B$4*Parameters!$B$7 -> 121.446 | M706: =SUM(J706:L706) -> 217.2555 | N706: 0 | O706: 4500 | P706: 0 | Q706: 4500
A707: Angelique MUHAWENIMANA | B707: Icyerekezo | C707: 3 | D707: 2022 | E707: January | F707: Experiment | G707: ='October to Jan, 2021 2022'!AE9+'October to Jan, 2021 2022'!AF9 -> 35 | H707: ='October to Jan, 2021 2022'!AG9 -> 0 | I707: ='October to Jan, 2021 2022'!AH9 -> 12.5 | J707: =G707*Parameters!$B$2*Parameters!$B$5 -> 74.5185 | K707: =H707*Parameters!$B$3*Parameters!$B$6 -> 0 | L707: =I707*Parameters!$B$4*Parameters!$B$7 -> 101.205 | M707: =SUM(J707:L707) -> 175.7235 | N707: 0 | O707: 3500 | P707: 0 | Q707: 3750
A708: Angelique MUKANDORI | B708: Twisungane | C708: 6 | D708: 2022 | E708: January | F708: Experiment | G708: ='October to Jan, 2021 2022'!AE10+'October to Jan, 2021 2022'!AF10 -> 47 | H708: ='October to Jan, 2021 2022'!AG10 -> 0 | I708: ='October to Jan, 2021 2022'!AH10 -> 15 | J708: =G708*Parameters!$B$2*Parameters!$B$5 -> 100.0677 | K708: =H708*Parameters!$B$3*Parameters!$B$6 -> 0 | L708: =I708*Parameters!$B$4*Parameters!$B$7 -> 121.446 | M708: =SUM(J708:L708) -> 221.5137 | N708: 0 | O708: 4700 | P708: 0 | Q708: 4500
A709: Angelique NYIRANEZA | B709: Genda ugire utyo | C709: 9 | D709: 2022 | E709: January | F709: Experiment | G709: ='October to Jan, 2021 2022'!AE11+'October to Jan, 2021 2022'!AF11 -> 55 | H709: ='October to Jan, 2021 2022'!AG11 -> 0 | I709: ='October to Jan, 2021 2022'!AH11 -> 20 | J709: =G709*Parameters!$B$2*Parameters!$B$5 -> 117.1005 | K709: =H709*Parameters!$B$3*Parameters!$B$6 -> 0 | L709: =I709*Parameters!$B$4*Parameters!$B$7 -> 161.928 | M709: =SUM(J709:L709) -> 279.0285 | N709: 0 | O709: 5500 | P709: 0 | Q709: 6000
...

Sheet Parameters
A1: Item
A2: Firewood calorific value (MJ/kg) | B2: 15.1 | C2: https://doi.org/10.1007/s13399-021-01840-z
A3: Charcoal calorific value (MJ/kg) | B3: 25.7 | C3: https://doi.org/10.1007/s13399-021-01840-z
A4: Pellet calorific value (MJ/kg) | B4: 17.3 | C4: Iyenyeri
A5: Firewood thermal efficiency | B5: 0.141
A6: Charcoal thermal efficiency | B6: 0.244
A7: Pellet thermal efficiency | B7: 0.468
